"Daerah","Alokasi Dasar","Alokasi Afirmasi","Alokasi Formula","Total Alokasi","Jumlah Desa","Jumlah Penduduk","Jumlah Penduduk Miskin","Luas Wilayah","IKK"
"Kab. Aceh Barat","198463090000.00","1417941000.00","21046564000.00","220927595000.00","322.00","189119.00","44507.00","2939.39","96.89"
"Kab. Aceh Besar","372272380000.00","472647000.00","21425674000.00","394170701000.00","604.00","384661.00","40930.00","2965.27","96.05"
"Kab. Aceh Selatan","159633355000.00","2993431000.00","18360090000.00","180986876000.00","259.00","230103.00","28698.00","3822.58","96.97"
"Kab. Aceh Singkil","71496020000.00","4253823000.00","15644501000.00","91394344000.00","116.00","129963.00","28265.00","2115.16","92.93"
"Kab. Aceh Tengah","181821775000.00","0.00","16104771000.00","197926546000.00","295.00","208407.00","16497.00","4318.39","102.64"
"Kab. Aceh Tenggara","237292825000.00","0.00","14945779000.00","252238604000.00","385.00","221684.00","13129.00","4223.37","97.33"
"Kab. Aceh Timur","316184985000.00","945294000.00","27989146000.00","345119425000.00","513.00","422261.00","52574.00","6277.07","98.98"
"Kab. Aceh Utara","525125940000.00","3938725000.00","33169918000.00","562234583000.00","852.00","575895.00","81700.00","3241.75","101.12"
"Kab. Bireuen","375354105000.00","6301960000.00","35062789000.00","416718854000.00","609.00","432870.00","99002.00","1901.20","100.49"
"Kab. Pidie","449931850000.00","8350097000.00","40561066000.00","498843013000.00","730.00","437740.00","118749.00","2972.65","94.10"
"Kab. Simeulue","85055610000.00","1890588000.00","15078344000.00","102024542000.00","138.00","89327.00","23951.00","2051.48","105.87"
"Kota Banda Aceh","55471050000.00","0.00","8993616000.00","64464666000.00","90.00","238814.00","5738.00","61.36","95.52"
"Kota Sabang","11094210000.00","157549000.00","8276063000.00","19527822000.00","18.00","40040.00","5618.00","153.00","103.76"
"Kota Langsa","40678770000.00","157549000.00","12623414000.00","53459733000.00","66.00","182424.00","21509.00","262.41","94.97"
"Kota Lhokseumawe","41911460000.00","472647000.00","11718392000.00","54102499000.00","68.00","190624.00","17261.00","181.06","97.44"
"Kab. Gayo Lues","83822920000.00","1102843000.00","16283372000.00","101209135000.00","136.00","95370.00","19221.00","5267.00","91.57"
"Kab. Aceh Barat Daya","93684440000.00","315098000.00","11354687000.00","105354225000.00","152.00","149397.00","12729.00","1371.28","94.53"
"Kab. Aceh Jaya","106011340000.00","0.00","11799648000.00","117810988000.00","172.00","86058.00","5878.00","3812.99","95.88"
"Kab. Nagan Raya","136828590000.00","3781176000.00","18313055000.00","158922821000.00","222.00","167672.00","32112.00","3363.72","96.79"
"Kab. Aceh Tamiang","131281485000.00","2048137000.00","16758691000.00","150088313000.00","213.00","287733.00","31297.00","1958.69","85.03"
"Kab. Bener Meriah","142992040000.00","630196000.00","13438513000.00","157060749000.00","232.00","154509.00","19629.00","1455.81","99.16"
"Kab. Pidie Jaya","136828590000.00","945294000.00","13380825000.00","151154709000.00","222.00","157588.00","23848.00","1074.53","87.63"
"Kota Subulussalam","50540290000.00","1575490000.00","11550671000.00","63666451000.00","82.00","81187.00","15342.00","1391.00","94.31"
"Kab. Asahan","109093065000.00","630196000.00","16889545000.00","126612806000.00","177.00","605848.00","11859.00","3611.92","103.05"
"Kab. Dairi","99231545000.00","315098000.00","12384837000.00","111931480000.00","161.00","278228.00","8816.00","1825.90","105.50"
"Kab. Deli Serdang","234211100000.00","3938725000.00","33577285000.00","271727110000.00","380.00","1667650.00","58525.00","2235.40","99.91"
"Kab. Karo","159633355000.00","157549000.00","13241456000.00","173032360000.00","259.00","328520.00","10263.00","2107.56","103.84"
"Kab. Labuhanbatu","46225875000.00","1417941000.00","12675338000.00","60319154000.00","75.00","302847.00","11584.00","1877.22","96.02"
"Kab. Langkat","147922800000.00","3623627000.00","27640828000.00","179187255000.00","240.00","794666.00","46541.00","5802.28","85.62"
"Kab. Mandailing Natal","232362065000.00","945294000.00","19812637000.00","253119996000.00","377.00","388287.00","19857.00","6089.76","101.85"
"Kab. Nias","104778650000.00","19220978000.00","25540619000.00","149540247000.00","170.00","152774.00","64778.00","1842.51","111.29"
"Kab. Simalungun","237909170000.00","157549000.00","21175895000.00","259242614000.00","386.00","876811.00","19635.00","4056.91","106.03"
"Kab. Tapanuli Selatan","130048795000.00","157549000.00","15660990000.00","145867334000.00","211.00","206050.00","11337.00","4901.47","106.52"
"Kab. Tapanuli Tengah","97998855000.00","5671764000.00","18058928000.00","121729547000.00","159.00","190541.00","36038.00","1806.92","99.94"
"Kab. Tapanuli Utara","148539145000.00","630196000.00","15002417000.00","164171758000.00","241.00","281645.00","25890.67","406.24","103.34"
"Kab. Toba Samosir","142375695000.00","0.00","11935494000.00","154311189000.00","231.00","179159.00","9183.00","2279.70","99.98"
"Kota Padang Sidempuan","25886490000.00","0.00","7776066000.00","33662556000.00","42.00","56833.00","3863.00","98.76","101.70"
"Kab. Pakpak Bharat","32049940000.00","0.00","8899043000.00","40948983000.00","52.00","50445.00","4974.00","1218.30","98.14"
"Kab. Nias Selatan","282902355000.00","7247254000.00","24961201000.00","315110810000.00","459.00","349882.00","58347.00","1815.80","106.89"
"Kab. Humbang Hasundutan","94300785000.00","0.00","11389261000.00","105690046000.00","153.00","189355.00","6879.00","2335.12","98.25"
"Kab. Serdang Bedagai","146073765000.00","472647000.00","16249471000.00","162795883000.00","237.00","609371.00","17135.00","1871.57","99.74"
"Kab. Samosir","78892160000.00","472647000.00","11588564000.00","90953371000.00","128.00","133898.00","8166.00","2031.13","107.06"
"Kab. Batu Bara","86904645000.00","2048137000.00","15325447000.00","104278229000.00","141.00","328994.00","24204.00","884.35","102.49"
"Kab. Padang Lawas","186752535000.00","1102843000.00","17113154000.00","204968532000.00","303.00","236693.00","20393.00","3926.01","106.94"
"Kab. Padang Lawas Utara","237909170000.00","157549000.00","16115429000.00","254182148000.00","386.00","257104.00","17415.00","3816.54","102.18"
"Kab. Labuhanbatu Selatan","32049940000.00","787745000.00","13273369000.00","46111054000.00","52.00","283235.00","8093.00","3463.20","95.87"
"Kab. Labuhanbatu Utara","50540290000.00","2205686000.00","14996024000.00","67742000000.00","82.00","326400.00","14167.00","3399.39","96.34"
"Kab. Nias Utara","69030640000.00","18590782000.00","24343430000.00","111964852000.00","112.00","143842.00","64447.00","1193.04","104.74"
"Kab. Nias Barat","64716225000.00","10713332000.00","17552348000.00","92981905000.00","105.00","92154.00","40680.00","473.73","105.34"
"Kota Gunungsitoli","60401810000.00","5041568000.00","12048838000.00","77492216000.00","98.00","119803.00","19548.00","275.66","99.71"
"Kab. Limapuluh Kota","48691255000.00","787745000.00","15247914000.00","64726914000.00","79.00","374067.00","12827.00","3571.14","97.86"
"Kab. Agam","50540290000.00","157549000.00","13144264000.00","63842103000.00","82.00","524906.00","8084.00","1804.30","95.13"
"Kab. Kepulauan Mentawai","26502835000.00","1417941000.00","17440422000.00","45361198000.00","43.00","83517.00","9228.00","6011.35","138.18"
"Kab. Padang Pariaman","63483535000.00","157549000.00","18166760000.00","81807844000.00","103.00","628415.00","28312.00","1332.51","93.61"
"Kab. Pasaman","22804765000.00","1575490000.00","14700752000.00","39081007000.00","37.00","315470.00","14684.00","3678.96","86.30"
"Kab. Pesisir Selatan","112174790000.00","5829313000.00","27952264000.00","145956367000.00","182.00","518265.00","54010.00","5749.89","91.23"
"Kab. Sijunjung","37597045000.00","157549000.00","11896879000.00","49651473000.00","61.00","233444.00","6276.00","3081.89","92.20"
"Kab. Solok","45609530000.00","1417941000.00","15944036000.00","62971507000.00","74.00","375801.00","15579.00","3738.00","95.46"
"Kab. Tanah Datar","46225875000.00","0.00","10573420000.00","56799295000.00","75.00","366136.00","4841.00","1336.10","90.65"
"Kota Sawahlunto","16641315000.00","0.00","6828379000.00","23469694000.00","27.00","49203.00","1272.00","226.84","95.37"
"Kota Pariaman","33898975000.00","0.00","7707588000.00","41606563000.00","55.00","69920.00","4460.00","57.87","97.58"
"Kab. Pasaman Barat","11710555000.00","157549000.00","23971375000.00","35839479000.00","19.00","428641.00","46786.00","3887.77","94.70"
"Kab. Dharmasraya","32049940000.00","0.00","11199091000.00","43249031000.00","52.00","205127.00","4402.00","2961.13","93.20"
"Kab. Solok Selatan","24037455000.00","0.00","11683946000.00","35721401000.00","39.00","177462.00","5264.00","3346.20","94.34"
"Kab. Bengkalis","83822920000.00","9610489000.00","24600566000.00","118033975000.00","136.00","339935.00","40668.00","6389.03","97.84"
"Kab. Indragiri Hilir","121419965000.00","1102843000.00","24233516000.00","146756324000.00","197.00","397141.00","19333.00","10820.44","98.14"
"Kab. Indragiri Hulu","109709410000.00","6774607000.00","23949285000.00","140433302000.00","178.00","336377.00","37136.00","6979.38","92.10"
"Kab. Kampar","149155490000.00","4096274000.00","31911229000.00","185162993000.00","242.00","686412.00","45891.00","10744.84","88.81"
"Kab. Kuantan Singingi","134363210000.00","787745000.00","17926004000.00","153076959000.00","218.00","303459.00","22060.00","5153.10","86.94"
"Kab. Pelalawan","64099880000.00","4096274000.00","21958543000.00","90154697000.00","104.00","235269.00","24550.00","8516.82","95.15"
"Kab. Rokan Hilir","97998855000.00","3150980000.00","25710990000.00","126860825000.00","159.00","506338.00","32366.00","8313.73","99.77"
"Kab. Rokan Hulu","85671955000.00","6144411000.00","28490266000.00","120306632000.00","139.00","497297.00","52423.00","7127.40","86.20"
"Kab. Siak","75194090000.00","1733039000.00","20208313000.00","97135442000.00","122.00","312640.00","16744.00","7923.25","98.89"
"Kab. Kepulauan Meranti","59169120000.00","5671764000.00","19209920000.00","84050804000.00","96.00","155222.00","32122.00","3644.07","107.90"
"Kab. Batang Hari","67797950000.00","2993431000.00","18157723000.00","88949104000.00","110.00","230407.00","22774.00","5677.23","87.12"
"Kab. Bungo","86904645000.00","0.00","12757738000.00","99662383000.00","141.00","263305.00","5370.00","4559.27","82.80"
"Kab. Kerinci","175658325000.00","0.00","13921178000.00","189579503000.00","285.00","231216.00","17855.00","3271.95","76.81"
"Kab. Merangin","126350725000.00","1733039000.00","20740049000.00","148823813000.00","205.00","273337.00","24999.00","7553.15","85.35"
"Kab. Muaro Jambi","92451750000.00","472647000.00","14571711000.00","107496108000.00","150.00","337581.00","9122.00","4827.72","85.20"
"Kab. Sarolangun","91835405000.00","3938725000.00","20869965000.00","116644095000.00","149.00","261908.00","32643.00","5788.13","87.10"
"Kab. Tanjung Jabung Barat","70263330000.00","3150980000.00","16530604000.00","89944914000.00","114.00","208188.00","22387.00","3879.56","93.61"
"Kab. Tanjung Jabung Timur","44993185000.00","1575490000.00","14556753000.00","61125428000.00","73.00","142587.00","13036.00","4552.87","94.46"
"Kab. Tebo","65948915000.00","5041568000.00","20650309000.00","91640792000.00","107.00","283040.00","28829.00","6193.20","89.73"
"Kota Sungai Penuh","40062425000.00","0.00","7208921000.00","47271346000.00","65.00","92673.00","2869.00","389.05","88.14"
"Kab. Lahat","221884200000.00","12131273000.00","35142813000.00","269158286000.00","360.00","340154.00","89704.00","5227.55","94.46"
"Kab. Musi Banyuasin","139910315000.00","8822744000.00","45779020000.00","194512079000.00","227.00","507920.00","98394.00","12427.46","98.35"
"Kab. Musi Rawas","114640170000.00","14336959000.00","37821090000.00","166798219000.00","186.00","358799.00","94888.00","6031.59","102.36"
"Kab. Muara Enim","151004525000.00","16542645000.00","40614004000.00","208161174000.00","245.00","489146.00","100163.00","7163.60","94.88"
"Kab. Ogan Komering Ilir","193532330000.00","12288822000.00","47370527000.00","253191679000.00","314.00","676318.00","84778.00","16587.03","92.74"
"Kab. Ogan Komering Ulu","88137335000.00","7877450000.00","22798635000.00","118813420000.00","143.00","256982.00","43830.00","4588.46","94.14"
"Kota Prabumulih","7396140000.00","1102843000.00","7795651000.00","16294634000.00","12.00","20969.00","6001.00","59.82","97.87"
"Kab. Banyuasin","177507360000.00","18748331000.00","57164516000.00","253420207000.00","288.00","629342.00","144595.00","11397.41","104.72"
"Kab. Ogan Ilir","139910315000.00","10398234000.00","26655771000.00","176964320000.00","227.00","358005.00","62632.00","2538.55","104.96"
"Kab. OKU Timur","187985225000.00","787745000.00","17153182000.00","205926152000.00","305.00","607817.00","15828.00","3302.56","96.59"
"Kab. OKU Selatan","155318940000.00","8034999000.00","27061195000.00","190415134000.00","252.00","366693.00","54670.00","5433.13","95.27"
"Kab. Empat Lawang","90602715000.00","2835882000.00","18785322000.00","112223919000.00","147.00","275291.00","34938.00","2194.18","100.81"
"Kab. Penukal Abab Lematang Ilir","40062425000.00","7719901000.00","17281309000.00","65063635000.00","65.00","128090.00","36158.00","1748.48","94.49"
"Kab. Musi Rawas Utara","50540290000.00","8980293000.00","23657600000.00","83178183000.00","82.00","162801.00","43418.00","5570.14","103.61"
"Kab. Bengkulu Selatan","87520990000.00","0.00","9872939000.00","97393929000.00","142.00","117772.00","9591.00","1163.87","89.64"
"Kab. Bengkulu Utara","132514175000.00","0.00","14229790000.00","146743965000.00","215.00","262920.00","11103.00","4062.96","92.02"
"Kab. Rejang Lebong","75194090000.00","5356666000.00","16978457000.00","97529213000.00","122.00","168676.00","35011.00","1487.41","94.04"
"Kab. Kaur","118338240000.00","0.00","11629185000.00","129967425000.00","192.00","120754.00","11758.00","2319.83","90.54"
"Kab. Seluma","112174790000.00","945294000.00","13583493000.00","126703577000.00","182.00","176055.00","18215.00","2215.25","92.61"
"Kab. Mukomuko","91219060000.00","315098000.00","15009891000.00","106544049000.00","148.00","166465.00","14668.00","3928.70","102.83"
"Kab. Lebong","57320085000.00","315098000.00","10720539000.00","68355722000.00","93.00","93498.00","11080.00","1478.52","94.91"
"Kab. Kepahiang","64716225000.00","0.00","10241810000.00","74958035000.00","105.00","107324.00","13469.00","626.59","90.14"
"Kab. Bengkulu Tengah","87520990000.00","0.00","10676548000.00","98197538000.00","142.00","107703.00","12482.00","1218.83","91.43"
"Kab. Lampung Barat","80741195000.00","8507646000.00","23234680000.00","112483521000.00","131.00","265978.00","53622.00","2034.95","102.89"
"Kab. Lampung Selatan","157784320000.00","11973724000.00","55761738000.00","225519782000.00","256.00","1231840.00","172146.00","682.93","83.53"
"Kab. Lampung Tengah","185519845000.00","13706763000.00","59422035000.00","258648643000.00","301.00","1373101.00","170427.00","3754.84","84.97"
"Kab. Lampung Utara","142992040000.00","24577644000.00","47911906000.00","215481590000.00","232.00","720985.00","144755.00","2637.28","86.46"
"Kab. Lampung Timur","162715080000.00","13706763000.00","57879996000.00","234301839000.00","264.00","1113976.00","165722.00","5328.27","80.49"
"Kab. Tanggamus","184287155000.00","22529507000.00","41773594000.00","248590256000.00","299.00","619684.00","117799.00","3018.83","97.47"
"Kab. Tulang Bawang","90602715000.00","10398234000.00","27009160000.00","128010109000.00","147.00","390239.00","63666.00","3190.04","92.85"
"Kab. Way Kanan","136212245000.00","5041568000.00","23625980000.00","164879793000.00","221.00","455665.00","44497.00","3944.89","94.34"
"Kab. Pesawaran","88753680000.00","10713332000.00","34668676000.00","134135688000.00","144.00","530313.00","96696.00","2243.51","87.54"
"Kab. Pringsewu","77659470000.00","4568921000.00","23045969000.00","105274360000.00","126.00","376172.00","60398.00","612.22","84.80"
"Kab. Mesuji","64716225000.00","4253823000.00","18447012000.00","87417060000.00","105.00","315813.00","32858.00","2184.00","99.42"
"Kab. Tulang Bawang Barat","57320085000.00","2520784000.00","14867287000.00","74708156000.00","93.00","240556.00","25995.00","1170.56","92.87"
"Kab. Pesisir Barat","71496020000.00","5986862000.00","21467695000.00","98950577000.00","116.00","146348.00","45724.00","2899.05","103.99"
"Kab. Bandung","166413150000.00","7247254000.00","85808016000.00","259468420000.00","270.00","3265262.00","232975.00","1728.72","99.00"
"Kab. Bekasi","110942100000.00","7089705000.00","78681875000.00","196713680000.00","180.00","2236930.00","233550.00","1187.39","98.66"
"Kab. Bogor","256399520000.00","17172841000.00","128495688000.00","402068049000.00","416.00","3865656.00","386233.00","2661.28","108.78"
"Kab. Ciamis","159017010000.00","3466078000.00","54802418000.00","217285506000.00","258.00","1162558.00","165428.00","1395.14","90.13"
"Kab. Cianjur","218186130000.00","19536076000.00","109082672000.00","346804878000.00","354.00","2137672.00","352504.00","3835.14","90.80"
"Kab. Cirebon","253934140000.00","11185979000.00","105122102000.00","370242221000.00","412.00","2020898.00","348524.00","969.82","100.83"
"Kab. Garut","259481245000.00","15282253000.00","118772594000.00","393536092000.00","421.00","2006807.00","398565.00","3042.29","93.12"
"Kab. Indramayu","190450605000.00","10870881000.00","109600688000.00","310922174000.00","309.00","1797806.00","367995.00","2034.36","103.07"
"Kab. Karawang","183054465000.00","20323821000.00","80330773000.00","283709059000.00","297.00","1883202.00","248582.00","1605.41","96.84"
"Kab. Kuningan","222500545000.00","3150980000.00","36650148000.00","262301673000.00","361.00","1027244.00","93673.00","1073.96","97.82"
"Kab. Majalengka","203393850000.00","9295391000.00","99796656000.00","312485897000.00","330.00","1193972.00","348963.00","1164.56","97.07"
"Kab. Purwakarta","112791135000.00","3623627000.00","25618229000.00","142032991000.00","183.00","752660.00","55237.00","805.53","103.62"
"Kab. Subang","151004525000.00","1733039000.00","32939492000.00","185677056000.00","245.00","1425498.00","65122.00","1869.93","95.17"
"Kab. Sukabumi","234827445000.00","7562352000.00","62016828000.00","304406625000.00","381.00","2433238.00","148681.00","4119.64","94.58"
"Kab. Sumedang","166413150000.00","945294000.00","25103625000.00","192462069000.00","270.00","1063148.00","44739.00","1476.85","93.10"
"Kab. Tasikmalaya","216337095000.00","12919018000.00","93330539000.00","322586652000.00","351.00","1713677.00","302096.00","2551.19","99.41"
"Kota Banjar","9861520000.00","0.00","7429792000.00","17291312000.00","16.00","100695.00","4875.00","76.06","88.04"
"Kab. Bandung Barat","101696925000.00","7404803000.00","89189633000.00","198291361000.00","165.00","1616203.00","295086.00","1305.77","90.48"
"Kab. Pangandaran","57320085000.00","1890588000.00","17459846000.00","76670519000.00","93.00","406898.00","33724.00","1010.00","89.53"
"Kab. Banjarnegara","163947770000.00","9610489000.00","49217523000.00","222775782000.00","266.00","940227.00","149951.00","1006.90","90.32"
"Kab. Banyumas","185519845000.00","6301960000.00","104054242000.00","295876047000.00","301.00","1498750.00","360578.00","1280.10","86.43"
"Kab. Batang","147306455000.00","2363235000.00","18733848000.00","168403538000.00","239.00","682936.00","31900.00","771.80","92.01"
"Kab. Blora","167029495000.00","14336959000.00","48367383000.00","229733837000.00","271.00","752805.00","146811.00","1721.80","97.04"
"Kab. Boyolali","160866045000.00","3150980000.00","28981449000.00","192998474000.00","261.00","948312.00","65696.00","990.90","93.43"
"Kab. Brebes","179972740000.00","10870881000.00","153353875000.00","344197496000.00","292.00","1831464.00","550076.00","1883.33","94.33"
"Kab. Cilacap","165796805000.00","4726470000.00","70263984000.00","240787259000.00","269.00","1590761.00","215071.00","2064.97","89.20"
"Kab. Demak","149771835000.00","14021861000.00","65771992000.00","229565688000.00","243.00","1078178.00","213320.00","882.84","96.47"
"Kab. Grobogan","168262185000.00","13234116000.00","66698930000.00","248195231000.00","273.00","1365357.00","204641.00","1976.32","97.61"
"Kab. Jepara","113407480000.00","4568921000.00","72297023000.00","190273424000.00","184.00","1110370.00","237657.00","1053.92","100.18"
"Kab. Karanganyar","99847890000.00","5199117000.00","33792430000.00","138839437000.00","162.00","796981.00","90515.00","704.38","94.30"
"Kab. Kebumen","276738905000.00","13076567000.00","60875707000.00","350691179000.00","449.00","1296523.00","189041.00","1193.59","84.78"
"Kab. Kendal","163947770000.00","8350097000.00","42792176000.00","215090043000.00","266.00","920664.00","122801.00","1091.71","93.72"
"Kab. Klaten","240990895000.00","11185979000.00","68763719000.00","320940593000.00","391.00","1256638.00","222708.00","649.96","92.96"
"Kab. Kudus","75810435000.00","3150980000.00","39004629000.00","117966044000.00","123.00","792305.00","113523.00","389.27","93.79"
"Kab. Magelang","226198615000.00","14336959000.00","84825258000.00","325360832000.00","367.00","1252453.00","287830.00","1093.28","90.19"
"Kab. Pati","247154345000.00","27255977000.00","91044219000.00","365454541000.00","401.00","1262368.00","309968.00","1486.55","96.32"
"Kab. Pekalongan","167645840000.00","14809606000.00","45387301000.00","227842747000.00","272.00","846999.00","136936.00","818.06","92.36"
"Kab. Pemalang","130048795000.00","10083136000.00","109190625000.00","249322556000.00","211.00","1298837.00","384113.00","1085.49","101.07"
"Kab. Purbalingga","138061280000.00","6459509000.00","55413473000.00","199934262000.00","224.00","889376.00","179167.00","663.22","86.70"
"Kab. Purworejo","289065805000.00","5041568000.00","31977811000.00","326085184000.00","469.00","658847.00","86578.00","1057.89","89.34"
"Kab. Rembang","176891015000.00","10870881000.00","41248234000.00","229010130000.00","287.00","608403.00","124673.00","884.20","97.62"
"Kab. Semarang","128199760000.00","1575490000.00","27309518000.00","157084768000.00","208.00","806244.00","60940.00","881.20","101.72"
"Kab. Sragen","120803620000.00","1890588000.00","23454115000.00","146148323000.00","196.00","879866.00","45946.00","904.02","90.29"
"Kab. Sukoharjo","92451750000.00","3781176000.00","29843330000.00","126076256000.00","150.00","769172.00","76564.00","437.25","92.51"
"Kab. Tegal","173192945000.00","12131273000.00","97378945000.00","282703163000.00","281.00","1403999.00","336715.00","867.18","88.85"
"Kab. Temanggung","163947770000.00","8192548000.00","40902293000.00","213042611000.00","266.00","674446.00","123140.00","808.73","92.37"
"Kab. Wonogiri","154702595000.00","4253823000.00","37231715000.00","196188133000.00","251.00","898806.00","98864.00","1546.99","92.80"
"Kab. Wonosobo","145457420000.00","4726470000.00","34230758000.00","184414648000.00","236.00","706560.00","94849.00","902.62","90.74"
"Kab. Bantul","46225875000.00","0.00","32850230000.00","79076105000.00","75.00","931356.00","83798.00","508.13","94.45"
"Kab. Gunung Kidul","88753680000.00","2048137000.00","26772703000.00","117574520000.00","144.00","755977.00","59607.00","1431.42","94.78"
"Kab. Kulon Progo","53622015000.00","1733039000.00","21325756000.00","76680810000.00","87.00","431425.00","50298.00","581.99","91.24"
"Kab. Sleman","53005670000.00","315098000.00","27866930000.00","81187698000.00","86.00","1062861.00","60744.00","574.82","89.55"
"Kab. Bangkalan","168262185000.00","21584213000.00","80797539000.00","270643937000.00","273.00","981771.00","277151.00","980.89","97.27"
"Kab. Banyuwangi","116489205000.00","1260392000.00","49957816000.00","167707413000.00","189.00","1491695.00","118493.00","5487.00","95.34"
"Kab. Blitar","135595900000.00","1260392000.00","26248717000.00","163105009000.00","220.00","1056427.00","49661.00","1234.85","96.85"
"Kab. Bojonegoro","258248555000.00","5671764000.00","52444148000.00","316364467000.00","419.00","1260926.00","147985.00","2182.09","97.35"
"Kab. Bondowoso","128816105000.00","8350097000.00","59983637000.00","197149839000.00","209.00","715462.00","198270.00","1501.96","90.31"
"Kab. Gresik","203393850000.00","6617058000.00","36891367000.00","246902275000.00","330.00","1139887.00","90676.00","1169.37","100.05"
"Kab. Jember","139293970000.00","6617058000.00","90271305000.00","236182333000.00","226.00","2290884.00","272391.00","2980.76","98.85"
"Kab. Jombang","186136190000.00","8034999000.00","44269793000.00","238440982000.00","302.00","1273741.00","119518.00","1110.12","93.00"
"Kab. Kediri","211406335000.00","6774607000.00","52510965000.00","270691907000.00","343.00","1553267.00","144755.00","1383.71","93.24"
"Kab. Lamongan","284751390000.00","3308529000.00","33289836000.00","321349755000.00","462.00","1271266.00","69030.00","1753.34","103.52"
"Kab. Lumajang","122036310000.00","6144411000.00","35547672000.00","163728393000.00","198.00","1040811.00","84773.00","1771.32","102.21"
"Kab. Madiun","122036310000.00","157549000.00","19962449000.00","142156308000.00","198.00","692818.00","33571.00","1019.48","100.17"
"Kab. Magetan","127583415000.00","787745000.00","19577191000.00","147948351000.00","207.00","588784.00","36138.00","625.59","101.17"
"Kab. Malang","232978410000.00","5199117000.00","76037781000.00","314215308000.00","378.00","2329069.00","212174.00","3457.62","97.29"
"Kab. Mojokerto","184287155000.00","1102843000.00","23145752000.00","208535750000.00","299.00","1094566.00","38483.00","717.39","94.94"
"Kab. Nganjuk","162715080000.00","6459509000.00","66179141000.00","235353730000.00","264.00","990694.00","217096.00","1178.37","92.72"
"Kab. Ngawi","131281485000.00","4096274000.00","32438090000.00","167815849000.00","213.00","881684.00","77860.00","1290.00","103.61"
"Kab. Pacitan","102313270000.00","472647000.00","22866619000.00","125652536000.00","166.00","555972.00","48165.00","1373.86","98.53"
"Kab. Pamekasan","109709410000.00","4726470000.00","48432012000.00","162867892000.00","178.00","737424.00","149959.00","775.98","102.54"
"Kab. Pasuruan","210173645000.00","13549214000.00","77543648000.00","301266507000.00","341.00","1424953.00","250231.00","1404.87","96.84"
"Kab. Ponorogo","173192945000.00","4568921000.00","38851469000.00","216613335000.00","281.00","838566.00","106488.00","1266.10","99.84"
"Kab. Probolinggo","200312125000.00","13549214000.00","108239539000.00","322100878000.00","325.00","1081459.00","384353.00","1684.01","98.04"
"Kab. Sampang","110942100000.00","5199117000.00","63065418000.00","179206635000.00","180.00","801989.00","206493.00","1218.80","103.13"
"Kab. Sidoarjo","198463090000.00","7877450000.00","45914984000.00","252255524000.00","322.00","1617074.00","116557.00","576.62","103.52"
"Kab. Situbondo","81357540000.00","4568921000.00","29203924000.00","115130385000.00","132.00","624598.00","73169.00","1647.91","91.22"
"Kab. Sumenep","203393850000.00","13234116000.00","61738410000.00","278366376000.00","330.00","1109604.00","190046.00","2015.79","101.01"
"Kab. Trenggalek","93684440000.00","3308529000.00","30613311000.00","127606280000.00","152.00","706461.00","77664.00","1132.09","95.99"
"Kab. Tuban","191683295000.00","4096274000.00","31170844000.00","226950413000.00","311.00","1089442.00","67091.00","1807.47","95.27"
"Kab. Tulungagung","158400665000.00","6301960000.00","41249703000.00","205952328000.00","257.00","1031364.00","112673.00","1039.81","97.68"
"Kota Batu","11710555000.00","0.00","9636939000.00","21347494000.00","19.00","141418.00","10218.00","125.59","97.53"
"Kab. Bengkayang","75194090000.00","787745000.00","16418402000.00","92400237000.00","122.00","262552.00","11545.00","5048.62","109.58"
"Kab. Landak","96149820000.00","22056860000.00","35951910000.00","154158590000.00","156.00","396072.00","72237.00","8915.10","110.53"
"Kab. Kapuas Hulu","171343910000.00","7404803000.00","50185004000.00","228933717000.00","278.00","214928.00","46872.00","29790.65","122.27"
"Kab. Ketapang","155935285000.00","8192548000.00","53165547000.00","217293380000.00","253.00","494154.00","49367.00","31067.61","110.76"
"Kab. Mempawah","36980700000.00","1733039000.00","16519252000.00","55232991000.00","60.00","247146.00","21737.00","2625.32","111.89"
"Kab. Sambas","118954585000.00","13391665000.00","40497988000.00","172844238000.00","193.00","631865.00","91205.00","6843.05","118.03"
"Kab. Sanggau","100464235000.00","2835882000.00","25483781000.00","128783898000.00","163.00","443955.00","12939.00","12494.97","111.34"
"Kab. Sintang","240374550000.00","13234116000.00","41265176000.00","294873842000.00","390.00","350877.00","71165.00","15254.29","103.18"
"Kab. Sekadau","53622015000.00","315098000.00","15138937000.00","69076050000.00","87.00","208791.00","7183.00","5444.20","105.36"
"Kab. Melawi","104162305000.00","2205686000.00","24540963000.00","130908954000.00","169.00","228787.00","22839.00","10640.80","109.84"
"Kab. Kayong Utara","26502835000.00","315098000.00","13038675000.00","39856608000.00","43.00","122311.00","4146.00","4568.26","106.57"
"Kab. Kubu Raya","72112365000.00","8350097000.00","31036285000.00","111498747000.00","117.00","601356.00","55116.00","6946.58","108.46"
"Kab. Barito Selatan","53005670000.00","1260392000.00","16281681000.00","70547743000.00","86.00","76986.00","9127.00","7432.57","98.09"
"Kab. Barito Utara","57320085000.00","1417941000.00","17577953000.00","76315979000.00","93.00","87286.00","14165.00","7427.18","98.26"
"Kab. Kapuas","131897830000.00","1260392000.00","26915377000.00","160073599000.00","214.00","311800.00","20758.00","14399.18","87.27"
"Kab. Kotawaringin Barat","49923945000.00","0.00","15921813000.00","65845758000.00","81.00","134564.00","2432.00","8872.16","89.37"
"Kab. Kotawaringin Timur","103545960000.00","630196000.00","25306904000.00","129483060000.00","168.00","224045.00","12019.00","15044.71","94.33"
"Kab. Katingan","94917130000.00","1417941000.00","26774885000.00","123109956000.00","154.00","119664.00","13917.00","16743.73","94.19"
"Kab. Seruyan","59785465000.00","0.00","24696744000.00","84482209000.00","97.00","120341.00","7906.00","16027.51","95.67"
"Kab. Sukamara","17874005000.00","0.00","10403196000.00","28277201000.00","29.00","36736.00","1026.00","3477.85","102.88"
"Kab. Lamandau","52389325000.00","0.00","13036458000.00","65425783000.00","85.00","60407.00","2184.00","6069.32","96.66"
"Kab. Gunung Mas","70263330000.00","0.00","16943639000.00","87206969000.00","114.00","85990.00","4467.00","9076.04","99.60"
"Kab. Pulang Pisau","58552775000.00","1260392000.00","18547189000.00","78360356000.00","95.00","115515.00","12791.00","8648.40","96.66"
"Kab. Murung Raya","71496020000.00","0.00","30680160000.00","102176180000.00","116.00","68055.00","3637.00","22212.52","114.62"
"Kab. Barito Timur","62250845000.00","315098000.00","11218632000.00","73784575000.00","101.00","84006.00","4411.00","3727.44","93.87"
"Kab. Banjar","170727565000.00","315098000.00","17839279000.00","188881942000.00","277.00","437701.00","17285.00","4616.35","98.66"
"Kab. Barito Kuala","120187275000.00","0.00","12716796000.00","132904071000.00","195.00","277495.00","6922.00","2858.67","101.76"
"Kab. Hulu Sungai Selatan","88753680000.00","1417941000.00","14905372000.00","105076993000.00","144.00","200548.00","22431.00","1792.12","101.56"
"Kab. Hulu Sungai Tengah","99231545000.00","630196000.00","13186714000.00","113048455000.00","161.00","220713.00","16443.00","1454.93","100.62"
"Kab. Hulu Sungai Utara","131897830000.00","5829313000.00","18095594000.00","155822737000.00","214.00","203201.00","37494.00","887.32","108.22"
"Kab. Kotabaru","122036310000.00","1575490000.00","21335250000.00","144947050000.00","198.00","300332.00","14743.00","9443.10","101.70"
"Kab. Tabalong","74577745000.00","2678333000.00","16283563000.00","93539641000.00","121.00","181892.00","20645.00","3699.56","102.03"
"Kab. Tanah Laut","80124850000.00","157549000.00","13340229000.00","93622628000.00","130.00","302645.00","7629.00","3569.01","95.03"
"Kab. Tapin","77659470000.00","0.00","10905571000.00","88565041000.00","126.00","141598.00","5471.00","2542.73","97.65"
"Kab. Balangan","94917130000.00","0.00","10395414000.00","105312544000.00","154.00","111200.00","4899.00","1840.01","106.09"
"Kab. Tanah Bumbu","88753680000.00","157549000.00","16496502000.00","105407731000.00","144.00","277963.00","15217.00","4905.48","97.26"
"Kab. Berau","61634500000.00","0.00","29358225000.00","90992725000.00","100.00","116627.00","4884.00","20921.35","104.20"
"Kab. Kutai Kartanegara","118954585000.00","5829313000.00","35113172000.00","159897070000.00","193.00","460695.00","40457.00","15995.70","100.81"
"Kab. Kutai Barat","117105550000.00","315098000.00","30774541000.00","148195189000.00","190.00","135787.00","10327.00","20211.78","115.02"
"Kab. Kutai Timur","85671955000.00","3466078000.00","52041605000.00","141179638000.00","139.00","380919.00","28402.00","35477.21","115.63"
"Kab. Paser","85671955000.00","1733039000.00","19070893000.00","106475887000.00","139.00","207475.00","16413.00","7536.80","99.12"
"Kab. Penajam Paser Utara","18490350000.00","472647000.00","9646378000.00","28609375000.00","30.00","83061.00","3644.00","1757.00","103.25"
"Kab. Mahakam Ulu","30817250000.00","0.00","25546771000.00","56364021000.00","50.00","24455.00","4394.00","15315.00","144.21"
"Kab. Bolaang Mongondow","123269000000.00","945294000.00","16893188000.00","141107482000.00","200.00","236619.00","25224.00","2794.07","102.74"
"Kab. Minahasa","139910315000.00","0.00","11996302000.00","151906617000.00","227.00","265855.00","10321.00","1015.19","107.67"
"Kab. Kepulauan Sangihe","89370025000.00","0.00","10345775000.00","99715800000.00","145.00","106312.00","6625.00","406.76","121.96"
"Kab. Kepulauan Talaud","87520990000.00","0.00","10927146000.00","98448136000.00","142.00","84346.00","5278.00","1070.79","128.17"
"Kab. Minahasa Selatan","102929615000.00","1417941000.00","16052350000.00","120399906000.00","167.00","204223.00","26308.00","1384.63","110.95"
"Kab. Minahasa Utara","77043125000.00","0.00","12425334000.00","89468459000.00","125.00","192754.00","13403.00","891.35","112.15"
"Kab. Kep. Siau Tagulandang Biaro","51156635000.00","0.00","8770354000.00","59926989000.00","83.00","54513.00","2693.00","231.63","120.24"
"Kota Kotamobagu","9245175000.00","0.00","8185676000.00","17430851000.00","15.00","34633.00","2840.00","37.34","115.50"
"Kab. Bolaang Mongondow Utara","65332570000.00","0.00","10135717000.00","75468287000.00","106.00","86631.00","4793.00","1667.01","107.67"
"Kab. Minahasa Tenggara","83206575000.00","0.00","10118508000.00","93325083000.00","135.00","105440.00","7828.00","663.61","109.66"
"Kab. Bolaang Mongondow Timur","49923945000.00","0.00","9180664000.00","59104609000.00","81.00","84440.00","2600.00","912.04","113.19"
"Kab. Bolaang Mongondow Selatan","49923945000.00","0.00","9636656000.00","59560601000.00","81.00","66474.00","6480.00","1615.86","96.07"
"Kab. Banggai","179356395000.00","630196000.00","23487785000.00","203474376000.00","291.00","259006.00","29880.00","9024.45","88.33"
"Kab. Banggai Kepulauan","86904645000.00","315098000.00","11993967000.00","99213710000.00","141.00","112659.00","10989.00","2390.16","99.07"
"Kab. Buol","66565260000.00","157549000.00","12995896000.00","79718705000.00","108.00","106119.00","11315.00","3808.78","91.87"
"Kab. Toli-Toli","63483535000.00","0.00","12920865000.00","76404400000.00","103.00","154973.00","9173.00","3984.73","91.09"
"Kab. Donggala","97382510000.00","6932156000.00","19146141000.00","123460807000.00","158.00","265802.00","34612.00","4221.76","76.50"
"Kab. Morowali","77659470000.00","472647000.00","12081362000.00","90213479000.00","126.00","120816.00","10558.00","3022.96","91.20"
"Kab. Poso","87520990000.00","1890588000.00","21541955000.00","110953533000.00","142.00","171337.00","34518.00","6781.49","84.15"
"Kab. Parigi Moutong","171343910000.00","5986862000.00","29933635000.00","207264407000.00","278.00","422957.00","67717.00","5503.99","83.54"
"Kab. Tojo Una Una","82590230000.00","2520784000.00","18463971000.00","103574985000.00","134.00","123386.00","26373.00","5538.66","91.40"
"Kab. Sigi","108476720000.00","1417941000.00","17351666000.00","127246327000.00","176.00","247057.00","22492.00","5189.76","81.38"
"Kab. Banggai Laut","38829735000.00","157549000.00","8205396000.00","47192680000.00","63.00","52101.00","4737.00","707.09","95.96"
"Kab. Morowali Utara","75194090000.00","630196000.00","19579512000.00","95403798000.00","122.00","106980.00","13270.00","9868.14","92.73"
"Kab. Bantaeng","28351870000.00","630196000.00","9850182000.00","38832248000.00","46.00","115291.00","12936.00","320.75","90.00"
"Kab. Barru","24653800000.00","2520784000.00","14776271000.00","41950855000.00","40.00","111204.00","30872.00","988.91","88.86"
"Kab. Bone","202161160000.00","29776761000.00","57948578000.00","289886499000.00","328.00","657126.00","178287.00","4224.56","98.00"
"Kab. Bulukumba","67181605000.00","5829313000.00","22635488000.00","95646406000.00","109.00","308126.00","56907.00","1025.06","92.29"
"Kab. Enrekang","69030640000.00","8350097000.00","20388980000.00","97769717000.00","112.00","180764.00","46828.00","1647.56","98.85"
"Kab. Gowa","74577745000.00","5514215000.00","44615398000.00","124707358000.00","121.00","455573.00","143481.00","1542.82","83.84"
"Kab. Jeneponto","50540290000.00","5986862000.00","28876422000.00","85403574000.00","82.00","263517.00","85051.00","510.58","95.62"
"Kab. Luwu","127583415000.00","12446371000.00","26760275000.00","166790061000.00","207.00","315505.00","62889.00","3160.57","100.14"
"Kab. Luwu Utara","102313270000.00","9768038000.00","31720480000.00","143801788000.00","166.00","332044.00","67892.00","7046.44","96.27"
"Kab. Maros","49307600000.00","5199117000.00","19576678000.00","74083395000.00","80.00","262757.00","43423.00","1450.66","93.69"
"Kab. Pangkajene Kepulauan","40062425000.00","4411372000.00","15800465000.00","60274262000.00","65.00","170029.00","32852.00","763.11","95.01"
"Kab. Luwu Timur","76426780000.00","1890588000.00","21180191000.00","99497559000.00","124.00","279804.00","25735.00","6681.91","102.74"
"Kab. Pinrang","42527805000.00","2363235000.00","12179385000.00","57070425000.00","69.00","197762.00","14107.00","1348.00","97.69"
"Kab. Sinjai","41295115000.00","1890588000.00","15817886000.00","59003589000.00","67.00","180236.00","33184.00","712.16","93.75"
"Kab. Kepulauan Selayar","49923945000.00","6301960000.00","14531843000.00","70757748000.00","81.00","104956.00","27215.00","1267.02","95.36"
"Kab. Sidenreng Rappang","41911460000.00","1102843000.00","12524771000.00","55539074000.00","68.00","153267.00","15995.00","1488.11","98.28"
"Kab. Soppeng","30200905000.00","787745000.00","12872435000.00","43861085000.00","49.00","151651.00","18852.00","1209.42","97.36"
"Kab. Takalar","46842220000.00","4884019000.00","18579316000.00","70305555000.00","76.00","197290.00","46291.00","462.28","89.21"
"Kab. Tana Toraja","69030640000.00","13391665000.00","21091963000.00","103514268000.00","112.00","181524.00","48388.00","1642.24","104.03"
"Kab. Wajo","87520990000.00","1260392000.00","15438389000.00","104219771000.00","142.00","281724.00","22361.00","2114.04","96.76"
"Kab. Toraja Utara","68414295000.00","14652057000.00","26535273000.00","109601625000.00","111.00","159607.00","74589.00","995.25","101.91"
"Kab. Buton","51156635000.00","945294000.00","11239372000.00","63341301000.00","83.00","89880.00","14658.00","1005.69","97.23"
"Kab. Konawe","183054465000.00","630196000.00","17789242000.00","201473903000.00","297.00","174486.00","22962.00","5018.50","96.83"
"Kab. Kolaka","61634500000.00","1417941000.00","12122008000.00","75174449000.00","100.00","106519.00","14695.00","2144.11","91.30"
"Kab. Muna","77043125000.00","6774607000.00","18755164000.00","102572896000.00","125.00","152667.00","40495.00","1542.30","101.93"
"Kab. Konawe Selatan","207091920000.00","157549000.00","17767285000.00","225016754000.00","336.00","281174.00","19763.00","5436.38","91.12"
"Kab. Bombana","74577745000.00","2048137000.00","14014104000.00","90639986000.00","121.00","99225.00","19152.00","2675.05","96.52"
"Kab. Wakatobi","46225875000.00","472647000.00","10746027000.00","57444549000.00","75.00","67489.00","12063.00","514.52","109.58"
"Kab. Kolaka Utara","78275815000.00","8350097000.00","19819971000.00","106445883000.00","127.00","121975.00","38608.00","3300.48","101.42"
"Kab. Konawe Utara","97998855000.00","0.00","12382329000.00","110381184000.00","159.00","55080.00","8607.00","4370.84","88.93"
"Kab. Buton Utara","48074910000.00","472647000.00","11326319000.00","59873876000.00","78.00","45067.00","8780.00","1743.12","114.33"
"Kab. Konawe Kepulauan","55471050000.00","315098000.00","9522409000.00","65308557000.00","90.00","30132.00","8384.50","643.05","106.15"
"Kab. Kolaka Timur","72112365000.00","315098000.00","12184164000.00","84611627000.00","117.00","87000.00","12426.00","2871.52","91.53"
"Kab. Muna Barat","49923945000.00","3466078000.00","13428396000.00","66818419000.00","81.00","71758.00","21835.00","1040.31","105.68"
"Kab. Buton Tengah","41295115000.00","1733039000.00","11268150000.00","54296304000.00","67.00","75471.00","13420.00","861.56","106.29"
"Kab. Buton Selatan","36980700000.00","2678333000.00","11188250000.00","50847283000.00","60.00","77119.00","15947.00","352.20","103.16"
"Kab. Badung","28351870000.00","157549000.00","13793171000.00","42302590000.00","46.00","268016.00","18767.00","314.86","114.54"
"Kab. Bangli","41911460000.00","472647000.00","10473563000.00","52857670000.00","68.00","235856.00","6052.00","476.19","111.63"
"Kab. Buleleng","79508505000.00","2363235000.00","25168037000.00","107039777000.00","129.00","701813.00","48977.00","1278.41","118.47"
"Kab. Gianyar","39446080000.00","0.00","12525463000.00","51971543000.00","64.00","442591.00","9295.00","344.06","112.40"
"Kab. Jembrana","25270145000.00","315098000.00","13806481000.00","39391724000.00","41.00","237480.00","18346.00","731.03","112.93"
"Kab. Karangasem","46225875000.00","157549000.00","17856195000.00","64239619000.00","75.00","496569.00","29375.00","805.19","106.66"
"Kab. Klungkung","32666285000.00","157549000.00","10452665000.00","43276499000.00","53.00","190532.00","10503.00","309.85","101.40"
"Kab. Tabanan","81973885000.00","0.00","19748107000.00","101721992000.00","133.00","466647.00","34608.00","1013.88","116.36"
"Kota Denpasar","16641315000.00","0.00","10763660000.00","27404975000.00","27.00","395443.00","4679.00","75.02","111.37"
"Kab. Bima","117721895000.00","8192548000.00","30862418000.00","156776861000.00","191.00","524677.00","75999.00","3397.89","89.23"
"Kab. Dompu","44376840000.00","630196000.00","16691752000.00","61698788000.00","72.00","166933.00","30972.00","2188.15","94.14"
"Kab. Lombok Barat","73345055000.00","5514215000.00","49462008000.00","128321278000.00","119.00","690760.00","157394.00","888.50","93.21"
"Kab. Lombok Tengah","78275815000.00","4726470000.00","72442313000.00","155444598000.00","127.00","950915.00","244817.00","1058.01","91.26"
"Kab. Lombok Timur","147306455000.00","9610489000.00","95794758000.00","252711702000.00","239.00","1191836.00","334700.00","1193.78","88.25"
"Kab. Sumbawa","96766165000.00","2205686000.00","24937557000.00","123909408000.00","157.00","447782.00","40390.00","6567.93","90.22"
"Kab. Sumbawa Barat","35131665000.00","2993431000.00","14384337000.00","52509433000.00","57.00","99600.00","24198.00","1749.12","97.58"
"Kab. Lombok Utara","20339385000.00","1102843000.00","27991426000.00","49433654000.00","33.00","233691.00","83849.00","776.25","85.02"
"Kab. Alor","97382510000.00","17960586000.00","24556438000.00","139899534000.00","158.00","155616.00","59230.00","2650.41","103.92"
"Kab. Belu","42527805000.00","9295391000.00","20627977000.00","72451173000.00","69.00","133939.00","53759.00","1226.92","87.36"
"Kab. Ende","157167975000.00","2205686000.00","15883460000.00","175257121000.00","255.00","175586.00","28081.00","1940.16","95.50"
"Kab. Flores Timur","141143005000.00","630196000.00","13538186000.00","155311387000.00","229.00","234702.00","14781.00","1729.90","106.84"
"Kab. Kupang","98615200000.00","12603920000.00","25301326000.00","136520446000.00","160.00","326493.00","51507.00","5144.08","88.23"
"Kab. Lembata","88753680000.00","6774607000.00","18940172000.00","114468459000.00","144.00","99655.00","45888.00","1231.34","94.44"
"Kab. Manggarai","89370025000.00","13076567000.00","23338730000.00","125785322000.00","145.00","238306.00","57780.00","1816.18","94.79"
"Kab. Ngada","83206575000.00","787745000.00","12529967000.00","96524287000.00","135.00","130325.00","16859.00","1483.70","97.47"
"Kab. Sikka","90602715000.00","11501077000.00","22908902000.00","125012694000.00","147.00","246552.00","57846.00","1647.55","89.50"
"Kab. Sumba Barat","38829735000.00","8034999000.00","20327436000.00","67192170000.00","63.00","107375.00","45692.00","2035.48","103.73"
"Kab. Sumba Timur","86288300000.00","2363235000.00","19822461000.00","108473996000.00","140.00","156288.00","25113.00","6749.04","95.26"
"Kab. Timor Tengah Selatan","163947770000.00","26783330000.00","42955645000.00","233686745000.00","266.00","423369.00","125864.00","3897.50","91.49"
"Kab. Timor Tengah Utara","98615200000.00","14652057000.00","24563799000.00","137831056000.00","160.00","166590.00","66263.00","2165.67","83.34"
"Kab. Rote Ndao","69030640000.00","4096274000.00","18698078000.00","91824992000.00","112.00","153130.00","40333.00","1465.69","102.82"
"Kab. Manggarai Barat","101080580000.00","8665195000.00","18147672000.00","127893447000.00","164.00","235503.00","35282.00","2311.17","91.57"
"Kab. Nagekeo","59785465000.00","3308529000.00","12859720000.00","75953714000.00","97.00","115192.00","19403.00","1149.53","99.77"
"Kab. Sumba Barat Daya","106627685000.00","25838036000.00","54170730000.00","186636451000.00","173.00","299077.00","183319.00","1465.04","99.42"
"Kab. Sumba Tengah","40062425000.00","5356666000.00","13852456000.00","59271547000.00","65.00","84174.00","21106.00","1868.74","100.78"
"Kab. Manggarai Timur","97998855000.00","24892742000.00","37964512000.00","160856109000.00","159.00","220086.00","116032.00","2325.63","96.15"
"Kab. Sabu Raijua","35748010000.00","9768038000.00","17982572000.00","63498620000.00","58.00","82315.00","40917.00","472.80","112.33"
"Kab. Malaka","78275815000.00","2835882000.00","14084949000.00","95196646000.00","127.00","190561.00","24719.00","1160.63","90.69"
"Kab. Maluku Tenggara Barat","49307600000.00","3466078000.00","18323680000.00","71097358000.00","80.00","107571.00","23644.00","4466.22","118.49"
"Kab. Maluku Tengah","114640170000.00","4411372000.00","31510047000.00","150561589000.00","186.00","378820.00","60227.00","7715.38","107.11"
"Kab. Maluku Tenggara","117105550000.00","630196000.00","14138419000.00","131874165000.00","190.00","115313.00","15268.00","1497.53","130.67"
"Kab. Buru","50540290000.00","315098000.00","15008011000.00","65863399000.00","82.00","130696.00","6985.00","4917.16","120.57"
"Kota Ambon","18490350000.00","472647000.00","11816405000.00","30779402000.00","30.00","228620.00","14400.00","256.21","104.95"
"Kab. Seram Bagian Barat","56703740000.00","5829313000.00","23784990000.00","86318043000.00","92.00","208009.00","43940.00","5033.38","107.47"
"Kab. Seram Bagian Timur","122036310000.00","787745000.00","17241541000.00","140065596000.00","198.00","133353.00","12548.00","6249.48","113.14"
"Kab. Kepulauan Aru","72112365000.00","315098000.00","18124922000.00","90552385000.00","117.00","63046.00","7659.00","8112.58","123.83"
"Kota Tual","16641315000.00","1260392000.00","10757938000.00","28659645000.00","27.00","55970.00","7618.00","219.89","132.91"
"Kab. Maluku Barat Daya","72112365000.00","3150980000.00","18410982000.00","93674327000.00","117.00","66734.00","17706.00","4581.06","145.34"
"Kab. Buru Selatan","48691255000.00","7562352000.00","17787631000.00","74041238000.00","79.00","72993.00","21245.00","3763.44","134.04"
"Kab. Biak Numfor","156551630000.00","2205686000.00","22205443000.00","180962759000.00","254.00","85261.00","42093.00","2523.11","142.21"
"Kab. Jayapura","85671955000.00","1575490000.00","24723291000.00","111970736000.00","139.00","102567.00","19360.00","10756.73","137.54"
"Kab. Jayawijaya","202161160000.00","5199117000.00","33572664000.00","240932941000.00","328.00","217818.00","29002.00","6935.74","290.37"
"Kab. Merauke","110325755000.00","10083136000.00","62058492000.00","182467383000.00","179.00","126008.00","28421.00","43866.52","168.31"
"Kab. Mimika","81973885000.00","6774607000.00","34025398000.00","122773890000.00","133.00","84104.00","26833.00","17720.47","148.00"
"Kab. Nabire","44376840000.00","6617058000.00","25890939000.00","76884837000.00","72.00","79926.00","23901.00","10342.60","147.53"
"Kab. Paniai","133130520000.00","7404803000.00","32869250000.00","173404573000.00","216.00","104658.00","43644.00","7488.20","225.31"
"Kab. Puncak Jaya","186136190000.00","10240685000.00","47172656000.00","243549531000.00","302.00","212806.00","55300.00","4998.42","436.94"
"Kab. Kepulauan Yapen","98615200000.00","2993431000.00","18074318000.00","119682949000.00","160.00","71044.00","27261.00","1914.49","144.96"
"Kota Jayapura","8628830000.00","0.00","9836230000.00","18465060000.00","14.00","32790.00","452.00","304.15","147.06"
"Kab. Sarmi","56703740000.00","0.00","27162271000.00","83866011000.00","92.00","29667.00","5718.80","13772.97","188.91"
"Kab. Keerom","56087395000.00","3623627000.00","25392059000.00","85103081000.00","91.00","59411.00","16865.00","10847.77","160.94"
"Kab. Yahukimo","314335950000.00","3150980000.00","40466102000.00","357953032000.00","510.00","348340.00","25264.00","16883.06","242.78"
"Kab. Pegunungan Bintang","170727565000.00","1575490000.00","46715602000.00","219018657000.00","277.00","107353.00","24072.00","15682.00","391.44"
"Kab. Tolikara","333442645000.00","0.00","31992963000.00","365435608000.00","541.00","241235.00","11386.00","5669.50","351.23"
"Kab. Boven Digoel","69030640000.00","0.00","38895055000.00","107925695000.00","112.00","58093.00","1571.00","27454.29","171.29"
"Kab. Mappi","99847890000.00","0.00","35417215000.00","135265105000.00","162.00","86497.00","1768.00","23157.61","180.53"
"Kab. Asmat","136212245000.00","0.00","48390813000.00","184603058000.00","221.00","103074.00","5348.00","31987.73","231.32"
"Kab. Waropen","61634500000.00","0.00","22315563000.00","83950063000.00","100.00","32541.00","3230.00","11129.57","163.01"
"Kab. Supiori","23421110000.00","0.00","10685051000.00","34106161000.00","38.00","21014.00","1763.00","678.32","150.79"
"Kab. Mamberamo Raya","36980700000.00","0.00","36645316000.00","73626016000.00","60.00","33197.00","70.00","24381.88","192.76"
"Kab. Mamberamo Tengah","36364355000.00","315098000.00","27623375000.00","64302828000.00","59.00","44788.00","3138.00","1288.72","403.74"
"Kab. Yalimo","184903500000.00","0.00","24920898000.00","209824398000.00","300.00","118829.00","5059.00","1384.27","343.90"
"Kab. Lanny Jaya","218186130000.00","315098000.00","27892299000.00","246393527000.00","354.00","191470.00","14000.00","2399.39","332.92"
"Kab. Nduga","152853560000.00","0.00","24484654000.00","177338214000.00","248.00","106354.00","6966.00","2168.00","318.34"
"Kab. Dogiyai","48691255000.00","1575490000.00","19454627000.00","69721372000.00","79.00","112513.00","5653.00","4236.51","209.49"
"Kab. Puncak","126967070000.00","315098000.00","39296664000.00","166578832000.00","206.00","158406.00","8226.00","6847.84","469.96"
"Kab. Intan Jaya","59785465000.00","0.00","32401270000.00","92186735000.00","97.00","137050.00","4728.00","4534.49","412.52"
"Kab. Deiyai","41295115000.00","3150980000.00","17598826000.00","62044921000.00","67.00","88145.00","9034.00","472.06","229.29"
"Kab. Halmahera Tengah","37597045000.00","315098000.00","12533420000.00","50445563000.00","61.00","50164.00","6412.00","2637.07","128.01"
"Kab. Halmahera Barat","104162305000.00","157549000.00","12334431000.00","116654285000.00","169.00","131869.00","8413.00","1703.94","123.44"
"Kab. Halmahera Timur","62867190000.00","2520784000.00","18590457000.00","83978431000.00","102.00","90924.00","17292.00","6385.91","118.52"
"Kab. Halmahera Selatan","153469905000.00","0.00","18465209000.00","171935114000.00","249.00","247378.00","8174.00","8035.15","109.31"
"Kab. Halmahera Utara","120803620000.00","1260392000.00","18096486000.00","140160498000.00","196.00","194291.00","21245.00","3891.65","124.30"
"Kab. Kepulauan Sula","48074910000.00","630196000.00","13994486000.00","62699592000.00","78.00","110507.00","8962.00","3304.32","124.53"
"Kota Tidore Kepulauan","30200905000.00","0.00","9729720000.00","39930625000.00","49.00","40260.00","1773.00","1311.96","123.39"
"Kab. Pulau Morotai","54238360000.00","0.00","11672393000.00","65910753000.00","88.00","66983.00","7762.00","2476.00","109.84"
"Kab. Pulau Taliabu","43760495000.00","0.00","10750281000.00","54510776000.00","71.00","56202.00","5722.00","1469.93","120.19"
"Kab. Lebak","209557300000.00","4096274000.00","25729623000.00","239383197000.00","340.00","1164576.00","39051.00","3365.67","84.49"
"Kab. Pandeglang","200928470000.00","3150980000.00","27105756000.00","231185206000.00","326.00","1048032.00","49635.00","2684.51","88.40"
"Kab. Serang","200928470000.00","1102843000.00","25645305000.00","227676618000.00","326.00","1435003.00","34694.00","1734.28","97.90"
"Kab. Tangerang","151620870000.00","16857743000.00","74192719000.00","242671332000.00","246.00","2087137.00","218258.00","900.66","106.46"
"Kab. Bangka","38213390000.00","787745000.00","12717854000.00","51718989000.00","62.00","196009.00","10661.00","2679.00","98.62"
"Kab. Belitung","25886490000.00","945294000.00","11973320000.00","38805104000.00","42.00","116493.00","11569.00","2266.04","98.07"
"Kab. Bangka Selatan","30817250000.00","157549000.00","11512260000.00","42487059000.00","50.00","132006.00","5557.00","2867.86","102.82"
"Kab. Bangka Tengah","34515320000.00","315098000.00","12318464000.00","47148882000.00","56.00","138576.00","11063.00","2046.22","106.75"
"Kab. Bangka Barat","36980700000.00","157549000.00","11381557000.00","48519806000.00","60.00","152927.00","4598.00","2693.16","105.06"
"Kab. Belitung Timur","24037455000.00","157549000.00","11423316000.00","35618320000.00","39.00","119807.00","8373.00","2506.91","97.50"
"Kab. Boalemo","50540290000.00","3781176000.00","18646113000.00","72967579000.00","82.00","143689.00","44471.00","1376.03","88.35"
"Kab. Gorontalo","117721895000.00","9295391000.00","43931883000.00","170949169000.00","191.00","343631.00","140883.00","1610.40","93.58"
"Kab. Pohuwato","62250845000.00","1102843000.00","15719626000.00","79073314000.00","101.00","135963.00","19350.00","4151.17","95.63"
"Kab. Bone Bolango","98615200000.00","7247254000.00","19315209000.00","125177663000.00","160.00","148547.00","44634.00","1979.88","88.27"
"Kab. Gorontalo Utara","75810435000.00","315098000.00","12744000000.00","88869533000.00","123.00","124202.00","16896.00","1685.80","98.16"
"Kab. Natuna","43144150000.00","0.00","11370644000.00","54514794000.00","70.00","44814.00","2173.00","1925.94","137.78"
"Kab. Kepulauan Anambas","32049940000.00","0.00","11437628000.00","43487568000.00","52.00","36510.00","3517.00","587.40","155.84"
"Kab. Karimun","25886490000.00","0.00","9558037000.00","35444527000.00","42.00","72540.00","3574.00","709.86","119.90"
"Kab. Lingga","46225875000.00","157549000.00","10630121000.00","57013545000.00","75.00","70020.00","7173.00","1978.24","103.10"
"Kab. Bintan","22188420000.00","0.00","8715494000.00","30903914000.00","36.00","63678.00","974.00","781.63","116.31"
"Kab. Fak Fak","87520990000.00","1102843000.00","25780402000.00","114404235000.00","142.00","43862.00","19105.00","12388.99","135.50"
"Kab. Manokwari","101080580000.00","157549000.00","21581199000.00","122819328000.00","164.00","60602.00","18062.00","8593.18","131.26"
"Kab. Sorong","139293970000.00","6301960000.00","23569004000.00","169164934000.00","226.00","45056.00","45799.00","4720.64","118.76"
"Kab. Raja Ampat","72112365000.00","0.00","18220484000.00","90332849000.00","117.00","44203.00","4988.00","7784.48","142.91"
"Kab. Sorong Selatan","74577745000.00","0.00","16378963000.00","90956708000.00","121.00","47893.00","5915.00","6764.08","125.79"
"Kab. Teluk Bintuni","70879675000.00","157549000.00","24852504000.00","95889728000.00","115.00","54561.00","8572.00","13191.81","147.63"
"Kab. Teluk Wondama","46225875000.00","0.00","14582951000.00","60808826000.00","75.00","34329.00","9259.00","3851.66","131.98"
"Kab. Kaimana","51772980000.00","0.00","26038559000.00","77811539000.00","84.00","31409.00","5480.00","16160.95","133.64"
"Kab. Maybrat","159633355000.00","0.00","16899916000.00","176533271000.00","259.00","40603.00","9076.00","5826.06","137.56"
"Kab. Tambrauw","133130520000.00","0.00","23803283000.00","156933803000.00","216.00","28978.00","8074.50","11524.45","162.05"
"Kab. Manokwari Selatan","35131665000.00","1260392000.00","14373614000.00","50765671000.00","57.00","34009.00","9805.00","2812.44","143.12"
"Kab. Pegunungan Arfak","102313270000.00","945294000.00","20846805000.00","124105369000.00","166.00","36818.00","19473.00","2541.08","213.02"
"Kab. Majene","38213390000.00","2993431000.00","12177621000.00","53384442000.00","62.00","84216.00","23593.00","848.33","80.65"
"Kab. Mamuju","54238360000.00","1260392000.00","14815979000.00","70314731000.00","88.00","183913.00","15668.00","4436.63","85.94"
"Kab. Polewali Mandar","88753680000.00","8980293000.00","32336174000.00","130070147000.00","144.00","393793.00","94438.00","1630.33","83.04"
"Kab. Mamasa","103545960000.00","3938725000.00","16962086000.00","124446771000.00","168.00","176628.00","29024.00","2798.75","95.27"
"Kab. Pasangkayu","36364355000.00","472647000.00","11599240000.00","48436242000.00","59.00","170307.00","9931.00","2859.92","83.38"
"Kab. Mamuju Tengah","33282630000.00","787745000.00","11155629000.00","45226004000.00","54.00","142913.00","7616.00","2988.41","86.08"
"Kab. Bulungan","45609530000.00","0.00","21987035000.00","67596565000.00","74.00","87526.00","4726.00","13558.67","107.51"
"Kab. Malinau","67181605000.00","157549000.00","51580070000.00","118919224000.00","109.00","76836.00","6342.00","42620.70","111.61"
"Kab. Nunukan","142992040000.00","0.00","23808479000.00","166800519000.00","232.00","103467.00","9590.00","13667.72","114.33"
"Kab. Tana Tidung","19723040000.00","0.00","14512339000.00","34235379000.00","32.00","23639.00","1338.00","5072.50","143.23"
