,Kode Daerah,Daerah,Belanja Pegawai,Penduduk,Luas Daratan,Luas Lautan,Total Luas Wilayah,IKK,IPM,PDRB per kapita,PAD,DBH Pajak,DBH SDA,Alokasi DAU,Alokasi DAU APBN-P
0,0100,Provinsi Aceh,1431249973102.00,5253512.00,57956.00,43631.30,101587.30,98.68,71.19,26787256.31,2359385393645.65,153815821172.00,32167925675.00,2174942529000.00,1956492796000.00
1,0101,Kab. Aceh Barat,311569763534.00,195634.00,2927.95,363.51,3291.46,94.78,70.47,34098994.92,150499049235.64,13877807354.00,15994469124.00,592496466000.00,525004445000.00
2,0102,Kab. Aceh Besar,425368208170.00,391987.00,2969.00,1649.64,4618.64,97.35,72.73,29844845.18,159480163137.63,13593001718.00,3773053009.00,759343544000.00,680085735000.00
3,0103,Kab. Aceh Selatan,366362658482.00,235381.00,3841.60,1284.21,5125.81,95.81,65.92,20926771.62,32923827546.93,11261304493.00,3973118474.00,673781136000.00,597029876000.00
4,0104,Kab. Aceh Singkil,182863485562.00,126636.00,2185.00,2709.27,4894.27,102.56,68.02,16860963.17,45289515136.55,13482013051.00,3680887777.00,462186825000.00,409538540000.00
5,0105,Kab. Aceh Tengah,331107519872.00,214377.00,4318.39,0,4318.39,101.46,72.64,32887315.66,150818710372.27,10418230537.00,4236453222.00,630127576000.00,558348948000.00
6,0106,Kab. Aceh Tenggara,310506139708.00,225606.00,4231.43,0,4231.43,97.98,68.67,19826788.80,80263476272.42,8606740512.00,3553182577.00,607495235000.00,538294686000.00
7,0107,Kab. Aceh Timur,480808983354.00,422964.00,6286.01,839.01,7125.02,99.16,66.82,20895554.01,169455864158.29,32007950528.00,16791089295.00,832279343000.00,737473352000.00
8,0108,Kab. Aceh Utara,628801450278.00,585592.00,3236.86,383.67,3620.53,99.11,68.36,23469378.66,231848856926.46,96473023759.00,40787003000.00,918726998000.00,822833263000.00
9,0109,Kab. Bireuen,512037117724.00,439572.00,1901.20,493.80,2395.00,102.72,71.37,26653575.54,179476248778.22,13614101639.00,3540745774.00,838049362000.00,750576496000.00
10,0110,Kab. Pidie                                        ,511814859224.00,441133.00,3086.95,436.11,3523.06,97.82,69.93,21206623.73,237201958015.66,11616418206.00,3942006662.00,829204015000.00,742654398000.00
11,0111,Kab. Simeulue,183068468426.00,93442.00,2051.48,3568.54,5620.02,107.67,64.74,21542124.16,63146021911.26,8347313987.00,3553142386.00,476616530000.00,422324539000.00
12,0112,Kota Banda Aceh,273722698658.00,245184.00,61.36,86.84,148.20,103.99,84.37,70523174.88,246272150484.71,36334696132.00,3540745774.00,605014830000.00,547629398000.00
13,0113,Kota Sabang,145309789722.00,42103.00,153.00,791.21,944.21,113.55,74.82,32660711.96,57188076200.36,7817975001.00,3612215687.00,377738880000.00,338311725000.00
14,0114,Kota Langsa,231090491796.00,186827.00,262.41,85.12,347.53,98.72,76.34,23788667.64,121316713328.93,13858904834.00,3540783274.00,457890254000.00,414459534000.00
15,0115,Kota Lhokseumawe,211143201702.00,188844.00,181.06,141.73,322.79,101.88,76.62,35158309.98,65618966777.60,28928488941.00,3553182577.00,469873581000.00,425306246000.00
16,0116,Kab. Gayo Lues,179893761978.00,100290.00,5719.58,0,5719.58,96.52,65.88,22700031.20,48758464134.18,8338551222.00,4222104153.00,478126753000.00,423662731000.00
17,0117,Kab. Aceh Barat Daya,206085641612.00,151786.00,1490.60,330.29,1820.89,93.60,65.67,23041336.43,83468426211.06,8681343321.00,3593941438.00,464313979000.00,415850396000.00
18,0118,Kab. Aceh Jaya,170996657628.00,91220.00,3812.99,1041.40,4854.39,97.81,68.83,25363047.45,58624901408.09,9141099442.00,3542815174.00,446395578000.00,395546094000.00
19,0119,Kab. Nagan Raya,230947185840.00,170898.00,3363.72,528.17,3891.89,91.76,68.15,35994490.23,97118515691.03,14401570751.00,5206846471.00,528219776000.00,468049594000.00
20,0120,Kab. Aceh Tamiang,292213272288.00,296088.00,1956.72,352.05,2308.77,94.94,68.45,19652996.49,139261841911.61,79776702346.00,5669573362.00,551339616000.00,493792581000.00
21,0121,Kab. Bener Meriah,209474251286.00,160434.00,1454.09,0,1454.09,97.12,72.14,25634620.59,59409524055.07,8272979491.00,3545478574.00,462577672000.00,414295320000.00
22,0122,Kab. Pidie Jaya,212305882776.00,160921.00,1073.60,203.72,1277.32,92.81,72.12,19407091.34,57432814784.97,7693302498.00,3553182577.00,446367715000.00,399777305000.00
23,0123,Kota Subulussalam,127615069670.00,86593.00,1391.00,0,1391.00,93.31,63.48,16032489.75,36348719461.44,8977828103.00,3555260974.00,358925001000.00,318039401000.00
24,0200,Provinsi Sumatera Utara,1765321786706.00,14908036.00,72981.23,42750.47,115731.70,102.79,71.18,39300671.97,5638960579478.97,449086001729.00,49955049460.00,2723301798000.00,2474465343000.00
25,0201,Kab. Asahan,437874007064.00,783828.00,3702.21,422.96,4125.17,94.53,69.49,33887985.80,142972039820.99,61767184941.00,3586343037.00,906419993000.00,821136749000.00
26,0202,Kab. Dairi,312904955178.00,314652.00,1927.80,0,1927.80,105.39,70.89,27601686.06,128489751331.88,12496303541.00,4230309839.00,627664476000.00,562150900000.00
27,0203,Kab. Deli Serdang,842554021996.00,1837206.00,2241.68,299.26,2540.94,101.01,74.92,37806386.23,729648594488.68,62265354132.00,3787195865.00,1510993188000.00,1367676047000.00
28,0204,Kab. Karo,384668573764.00,405980.00,2127.00,0,2127.00,102.50,73.91,46056531.30,159189197472.28,13658236123.00,3862867703.00,757048872000.00,685819658000.00
29,0205,Kab. Labuhanbatu,337410711470.00,501722.00,2156.02,321.00,2477.02,106.74,71.39,39839318.90,162794472016.74,45414292241.00,3664172037.00,707992970000.00,641379327000.00
30,0206,Kab. Langkat,654332531102.00,1044561.00,6262.00,573.48,6835.48,98.74,70.27,28359105.71,136680578541.45,143898133603.00,5359175531.00,1212693537000.00,1086116531000.00
31,0207,Kab. Mandailing Natal,405459408084.00,485759.00,6134.00,1277.88,7411.88,100.55,65.83,22979120.96,84809923496.46,24374119932.00,7647101249.00,818063614000.00,741093645000.00
32,0208,Kab. Nias,166217352026.00,154184.00,1842.51,664.64,2507.15,114.17,60.82,20909687.93,88754606114.77,9029889003.00,3586343037.00,451437745000.00,408962870000.00
33,0209,Kab. Simalungun,661471797824.00,1032253.00,4369.00,0,4369.00,98.60,72.49,30072208.77,164107850129.30,48449791190.00,3740686437.00,1243341378000.00,1126357874000.00
34,0210,Kab. Tapanuli Selatan,301441655674.00,311346.00,6030.47,109.83,6140.30,104.88,69.10,32556590.33,140044217233.81,39962868961.00,92504988154.00,659619123000.00,591887671000.00
35,0211,Kab. Tapanuli Tengah,319442392186.00,362742.00,2188.00,2084.86,4272.86,100.30,68.27,22556286.61,76660883410.33,14533718353.00,4388704856.00,657011839000.00,588435081000.00
36,0212,Kab. Tapanuli Utara,335159816634.00,317036.00,3791.64,0,3791.64,105.39,72.91,22657009.55,105656762964.31,31466317865.00,5736802204.00,655805793000.00,587354918000.00
37,0213,Kab. Toba Samosir,261788063592.00,211490.00,2328.89,0,2328.89,102.28,74.48,30099504.69,52298960803.40,14534229244.00,4122186942.00,547120353000.00,495642893000.00
38,0214,Kota Binjai,300953802432.00,286530.00,59.19,0,59.19,100.63,75.21,32771485.68,135870920432.89,16231271134.00,3694879965.00,578790111000.00,529303557000.00
39,0215,Kota Medan,956102865818.00,2507124.00,265.00,25.74,290.74,102.11,80.65,75997977.22,1636204514683.53,212631219115.00,3804802631.00,1633591868000.00,1493919764000.00
40,0216,Kota Pematang Siantar,295954573116.00,271247.00,55.66,0,55.66,91.04,77.88,36150772.22,137052839192.78,19423364321.00,3694879965.00,597491807000.00,546406258000.00
41,0217,Kota Sibolga,147070226056.00,92406.00,41.31,18.89,60.20,108.25,72.65,51446212.78,81245733811.60,12455401558.00,3694879965.00,421492454000.00,385454849000.00
42,0218,Kota Tanjung Balai,164567161640.00,176155.00,107.83,0,107.83,94.30,68.00,37223743.52,74435277571.86,11352617318.00,3694879965.00,436025268000.00,398745108000.00
43,0219,Kota Tebing Tinggi,187065505752.00,173109.00,31.00,0,31.00,97.37,74.50,28253552.01,114048354142.71,12670403267.00,3694879965.00,419917774000.00,380088729000.00
44,0220,Kota Padang Sidempuan,252137347262.00,226658.00,114.66,0,114.66,102.24,74.38,24889413.73,75063575092.73,14242055101.00,4082749967.00,510642332000.00,462208097000.00
45,0221,Kab. Pakpak Bharat,127385109552.00,53945.00,1218.30,0,1218.30,102.81,66.63,20359662.82,20061207922.74,10318081406.00,3614021437.00,360375675000.00,323371339000.00
46,0222,Kab. Nias Selatan,225180460122.00,365346.00,1825.20,5035.51,6860.71,114.34,60.75,16141687.43,19605734782.42,11581508325.00,4018504137.00,605803493000.00,548804654000.00
47,0223,Kab. Humbang Hasundutan,256089039048.00,200381.00,2335.33,0,2335.33,99.74,67.96,27239617.11,92735853812.93,11538878604.00,3699528237.00,539572308000.00,488805029000.00
48,0224,Kab. Serdang Bedagai,375189806242.00,658550.00,1900.22,613.83,2514.05,99.21,69.69,31590309.48,194382972213.04,39989314861.00,3694879965.00,797088981000.00,722092473000.00
49,0225,Kab. Samosir,185636693840.00,139575.00,2069.05,0,2069.05,105.80,69.99,28475355.43,47446623389.36,10653795549.00,3688724037.00,465646967000.00,417833094000.00
50,0226,Kab. Batu Bara,260840749774.00,369212.00,922.20,755.21,1677.41,97.63,67.67,46375706.64,64385292862.07,27100703654.00,3694879965.00,625193759000.00,559938068000.00
51,0227,Kab. Padang Lawas,210047542938.00,260955.00,3892.74,0,3892.74,103.40,67.59,33618175.27,47455308607.49,22631226502.00,4321042897.00,546815429000.00,484526993000.00
52,0228,Kab. Padang Lawas Utara,232850861946.00,267411.00,3918.05,0,3918.05,104.42,68.77,32274907.43,74306097499.89,21006522429.00,3823263134.00,561245705000.00,497313498000.00
53,0229,Kab. Labuhanbatu Selatan,174839075498.00,322030.00,3596.00,0,3596.00,107.71,70.98,43737300.30,52209768574.26,57043301599.00,4049372937.00,528808123000.00,479053624000.00
54,0230,Kab. Labuhanbatu Utara,249522795480.00,392520.00,3570.98,134.04,3705.02,102.17,71.08,40397648.00,57010690545.81,35147628245.00,5769808457.00,615342393000.00,557446058000.00
55,0231,Kab. Nias Utara,132307698022.00,150947.00,1202.78,1629.09,2831.87,111.02,61.08,20424846.90,50395504636.01,9602903718.00,3694879965.00,432518212000.00,391823438000.00
56,0232,Kab. Nias Barat,114758572796.00,95670.00,473.73,705.25,1178.98,109.90,60.42,17063748.25,40193008207.19,9105043509.00,3694879965.00,366962737000.00,332435947000.00
57,0233,Kota Gunungsitoli                                 ,169910833378.00,135506.00,280.78,130.85,411.63,107.45,68.33,34516450.50,29456354562.94,11478306000.00,3694879965.00,447200274000.00,405124095000.00
58,0300,Provinsi Sumatera Barat,1319863490052.00,5542994.00,42012.89,34097.87,76110.76,93.72,71.73,36097568.64,2275090068586.90,112139095402.00,7025451833.00,2087516043000.00,1891323979000.00
59,0301,Kab. Limapuluh Kota,411915662020.00,382118.00,3571.14,0,3571.14,94.18,69.17,32984899.66,73440842296.03,10223879620.00,1576591052.00,769243573000.00,696866984000.00
60,0302,Kab. Agam  ,444654623216.00,529683.00,1804.30,320.80,2125.10,90.31,71.70,31570736.11,99684205378.01,14000068393.00,1348925476.00,834935989000.00,756378532000.00
61,0303,Kab. Kepulauan Mentawai,143695000832.00,88189.00,6011.35,7399.16,13410.51,119.35,60.28,48463390.65,45358184273.56,10870117367.00,2291566376.00,627993019000.00,556457541000.00
62,0304,Kab. Padang Pariaman    ,425376186308.00,430045.00,1332.51,395.37,1727.88,89.26,69.71,37865576.91,84502722191.02,8812618584.00,1455781978.00,790451964000.00,716079920000.00
63,0305,Kab. Pasaman    ,291865717388.00,319039.00,3947.63,0,3947.63,89.73,65.60,25139697.06,100067231369.65,9241287041.00,1700641251.00,615315015000.00,557421256000.00
64,0306,Kab. Pesisir Selatan,451663639336.00,509763.00,5749.89,2556.25,8306.14,90.78,69.40,23948931.89,123906524443.36,15452877217.00,1506178342.00,865484951000.00,784053203000.00
65,0307,Kab. Sijunjung                                    ,251198313994.00,237825.00,3130.40,0,3130.40,91.57,66.97,29940480.95,79055940215.38,10218731808.00,1999724007.00,561943690000.00,509071532000.00
66,0308,Kab. Solok,367510895854.00,385808.00,3738.00,0,3738.00,98.35,68.60,29815291.08,68301516506.08,10218439468.00,1678290678.00,730173027000.00,661472507000.00
67,0309,Kab. Tanah Datar,379938967852.00,372165.00,1336.10,0,1336.10,94.62,71.25,28609706.99,115914187914.65,9815933386.00,1425229527.00,714102850000.00,646914341000.00
68,0310,Kota Bukit Tinggi,172628089472.00,122470.00,25.24,0,25.24,94.26,80.11,63087211.32,101936792226.61,10905190472.00,1457702965.00,459952239000.00,420626323000.00
69,0311,Kota Padang Panjang,130436130538.00,57656.00,23.00,0,23.00,95.83,77.30,51204260.41,79752372829.53,7682058808.00,1455781978.00,382968596000.00,346644167000.00
70,0312,Kota Padang,614406333616.00,907104.00,693.66,1055.29,1748.95,89.98,82.25,54311538.47,487937882411.61,62854411577.00,1446387865.00,1130556777000.00,1023323887000.00
71,0313,Kota Payakumbuh,196667119254.00,138719.00,85.22,0,85.22,91.96,78.23,43699737.71,103244423500.00,9968959414.00,1455784321.00,447002220000.00,404604226000.00
72,0314,Kota Sawahlunto,134125790894.00,66731.00,231.93,0,231.93,91.85,71.72,43596064.65,47227132335.45,8632934607.00,9950258859.00,383909501000.00,343838276000.00
73,0315,Kota Solok,137331092548.00,74140.00,71.29,0,71.29,91.60,77.89,49722284.96,40742809270.40,9719458572.00,1455782349.00,406093320000.00,371372341000.00
74,0316,Kota Pariaman,158676978794.00,93222.00,66.13,204.56,270.69,93.76,76.26,47003898.58,32213303036.69,9901058761.00,1460532178.00,423572160000.00,383396498000.00
75,0317,Kab. Pasaman Barat,301290678570.00,432451.00,3887.77,822.44,4710.21,91.38,67.43,29051640.13,158872998659.25,24031899148.00,1472366800.00,660961292000.00,598772766000.00
76,0318,Kab. Dharmasraya,226250707430.00,214592.00,2961.13,0,2961.13,93.95,70.86,41147180.76,110208800135.38,17420678094.00,1729956123.00,528037794000.00,478355774000.00
77,0319,Kab. Solok Selatan,206426657658.00,181274.00,3346.20,0,3346.20,91.66,68.45,25376933.12,60545296360.43,16374748463.00,2005680301.00,492567940000.00,441989749000.00
78,0400,Provinsi Riau,1009521503976.00,6149692.00,87023.66,18892.69,105916.35,94.92,72.44,59447406.81,3638995740121.15,856660641569.00,860405740433.00,1592276428000.00,1432349278000.00
79,0401,Kab. Bengkalis,440144596454.00,551071.00,6975.41,2252.80,9228.21,98.75,72.94,53184892.35,319280511092.11,1436254223765.00,818101260166.00,366236024000.00,331777609000.00
80,0402,Kab. Indragiri Hilir,460373196364.00,626899.00,12614.78,1815.47,14430.25,93.95,66.51,72409044.98,157482353687.31,51845980126.00,172302436388.00,990521187000.00,877689668000.00
81,0403,Kab. Indragiri Hulu,341575456718.00,429536.00,7723.80,0,7723.80,92.36,69.66,58737780.10,111900731074.40,86882825819.00,161991433553.00,701396197000.00,629374964000.00
82,0404,Kab. Kampar,588419528376.00,750808.00,10983.47,0,10983.47,89.85,72.50,42633958.79,229958839237.67,222848856511.00,373824111279.00,860162157000.00,762179999000.00
83,0405,Kab. Kuantan Singingi,349261779014.00,332075.00,5259.36,0,5259.36,86.18,69.96,62006168.93,93227855867.66,34567430336.00,161799587168.00,670961349000.00,602065247000.00
84,0406,Kab. Pelalawan,289812136336.00,370358.00,12758.45,711.16,13469.61,91.74,71.44,60562936.45,136697900750.86,130445877647.00,199938435166.00,664895425000.00,596622188000.00
85,0407,Kab. Rokan Hilir,355498381244.00,639802.00,8881.59,1389.12,10270.71,101.65,68.73,45290960.71,108053525787.27,237776893564.00,500945219255.00,529902690000.00,480045206000.00
86,0408,Kab. Rokan Hulu,352752831090.00,557330.00,7588.13,0,7588.13,90.61,69.36,39953485.33,85734030158.19,67647644590.00,163065226019.00,712158989000.00,645153374000.00
87,0409,Kab. Siak,345144762762.00,427795.00,8275.18,254.59,8529.77,95.90,73.73,58217447.44,290637100257.42,451431044871.00,422274864980.00,401545619000.00,360313843000.00
88,0410,Kota Dumai,251964558974.00,300638.00,1623.38,502.07,2125.45,101.47,74.06,49617769.22,279654914441.64,58145053156.00,158526075439.00,468136464000.00,424090440000.00
89,0411,Kota Pekanbaru,505798883662.00,954373.00,632.27,0,632.27,93.71,80.66,96031708.04,592707161811.78,109210648782.00,156957018140.00,863685186000.00,781764967000.00
90,0412,Kab. Kepulauan Meranti,186232570620.00,209007.00,3707.84,1725.00,5432.84,104.61,65.23,48049899.11,68006356887.21,57904427427.00,161515867404.00,455060076000.00,408333293000.00
91,0500,Provinsi Jambi,732852582880.00,3491764.00,50058.16,3888.22,53946.38,94.38,70.65,41798848.78,1656569597282.27,168557795503.00,232246364024.00,1435510317000.00,1288418327000.00
92,0501,Kab. Batang Hari,309177565688.00,304779.00,5804.00,0,5804.00,86.81,69.33,40436229.30,98808531271.98,80430599417.00,59590797381.00,629108005000.00,564509516000.00
93,0502,Kab. Bungo     ,331920589068.00,341119.00,4659.00,0,4659.00,88.42,69.42,39554913.57,133848451058.56,23135813832.00,65223864037.00,657571047000.00,595701502000.00
94,0503,Kab. Kerinci,320728828016.00,241562.00,3355.27,0,3355.27,97.14,70.59,38224817.26,80481173935.14,9238623294.00,46492397004.00,620290549000.00,555546640000.00
95,0504,Kab. Merangin,371043598338.00,341999.00,7679.00,0,7679.00,95.25,68.81,38952430.51,89304559027.72,16483944721.00,47046611642.00,748279403000.00,663041951000.00
96,0505,Kab. Muaro Jambi,358071250356.00,365651.00,5326.00,0,5326.00,96.74,68.34,46799751.98,90305498362.69,83483597769.00,49279443200.00,708069102000.00,627412056000.00
97,0506,Kab. Sarolangun,274895826124.00,306885.00,6184.00,0,6184.00,96.02,69.41,34431886.18,118828593871.64,49402602195.00,71571092793.00,602263287000.00,533658715000.00
98,0507,Kab. Tanjung Jabung Barat,257380388230.00,319411.00,4649.85,352.53,5002.38,106.24,67.13,56379448.83,101773750562.52,105796317817.00,340962107966.00,535185057000.00,480230827000.00
99,0508,Kab. Tanjung Jabung Timur,246209125592.00,227666.00,5445.00,1137.73,6582.73,102.05,63.32,43678114.13,49607102060.03,63308094672.00,104794606439.00,573134944000.00,514283918000.00
100,0509,Kab. Tebo,250515698096.00,326242.00,6461.00,0,6461.00,85.07,68.67,37164230.34,76160028617.97,37921345610.00,55431716603.00,601090510000.00,532619531000.00
101,0510,Kota Jambi,407724118628.00,615675.00,103.54,0,103.54,91.62,77.41,41375599.35,338891882592.96,71532045324.00,46849999483.00,734455495000.00,664792664000.00
102,0511,Kota Sungai Penuh,176278154502.00,100775.00,391.50,0,391.50,94.94,74.67,66327245.15,34184049669.28,9777285629.00,46495322113.00,453808201000.00,411110295000.00
103,0600,Provinsi Sumatera Selatan,993761274654.00,8267779.00,91592.43,8000.35,99592.78,94.50,69.39,30906819.18,3528010712183.54,705105611881.00,936628405094.00,1743742960000.00,1568602615000.00
104,0601,Kab. Lahat,425552147640.00,433549.00,5311.74,0,5311.74,93.52,66.99,22382781.42,112571296475.37,92448266434.00,367439418945.00,716894205000.00,642067120000.00
105,0602,Kab. Musi Banyuasin,456615764364.00,585650.00,14266.26,0,14266.26,95.47,67.57,38316106.43,210238037283.12,629683242091.00,1140595500033.00,419229951000.00,371474938000.00
106,0603,Kab. Musi Rawas,378653456450.00,402580.00,6350.10,0,6350.10,93.55,66.18,23372353.76,106289385325.54,177684232848.00,238857767080.00,657659559000.00,590129320000.00
107,0604,Kab. Muara Enim,449865791556.00,578897.00,7383.90,0,7383.90,98.92,68.28,28298835.31,232468708584.45,470035153625.00,425449223197.00,682549191000.00,611306927000.00
108,0605,Kab. Ogan Komering Ilir,514817376026.00,729265.00,18359.04,2189.22,20548.26,95.05,66.57,33758363.69,235946143259.17,52254143385.00,127823654693.00,1091603420000.00,967257496000.00
109,0606,Kab. Ogan Komering Ulu,369664641712.00,366103.00,4797.06,0,4797.06,90.50,69.01,25059703.46,156622053791.34,77757601756.00,133430485332.00,656234586000.00,594490786000.00
110,0607,Kota Palembang ,819020908796.00,1615658.00,369.22,0,369.22,90.52,77.89,61070219.73,953302082627.74,122318774030.00,116882059110.00,1310021273000.00,1185766242000.00
111,0608,Kota Prabumulih,237363622144.00,196022.00,251.94,0,251.94,95.10,74.04,29378251.67,90910521066.19,100947039667.00,123031546418.00,431416897000.00,390497165000.00
112,0609,Kota Pagar Alam,190028922314.00,145912.00,633.66,0,633.66,99.63,67.62,17689521.52,73600344354.05,12295658249.00,118259747872.00,401064581000.00,359202765000.00
113,0610,Kota Lubuk Linggau,258136935372.00,226168.00,401.50,0,401.50,91.49,74.09,25234857.35,105606815786.70,15518389184.00,116882059110.00,466863737000.00,422581885000.00
114,0611,Kab. Banyuasin,488751418798.00,811844.00,11832.99,1565.97,13398.96,97.96,66.40,22435844.77,140602072489.75,71489631880.00,125040668207.00,984409085000.00,872273803000.00
115,0612,Kab. Ogan Ilir,353466274412.00,412839.00,2666.09,0,2666.09,92.50,66.43,20343703.54,55362963113.45,67693628871.00,118848156043.00,644017353000.00,583423048000.00
116,0613,Kab. OKU Timur,455650468084.00,640813.00,3370.00,0,3370.00,98.37,68.58,18629667.57,85235157420.53,16790165153.00,118170553502.00,812431427000.00,735991379000.00
117,0614,Kab. OKU Selatan,310125759736.00,415107.00,5493.94,0,5493.94,88.22,64.84,17891853.99,42993134751.66,14540706101.00,117789853759.00,629882257000.00,570617895000.00
118,0615,Kab. Empat Lawang,179526627478.00,333200.00,2256.44,0,2256.44,92.27,64.81,12001240.13,32217492488.71,13297451290.00,119047627328.00,443391321000.00,397111577000.00
119,0616,Kab. Penukal Abab Lematang Ilir,103057965264.00,181532.00,1840.00,0,1840.00,100.33,63.49,20237877.78,74392980925.08,433567012450.00,127950373837.00,323769927000.00,293307062000.00
120,0617,Kab. Musi Rawas Utara,121145478096.00,192640.00,6008.55,0,6008.55,94.12,63.75,24608367.66,30141830709.51,32706142410.00,131378100606.00,404242602000.00,362733893000.00
121,0700,Provinsi Bengkulu,679173631572.00,2001578.00,19919.33,15066.49,34985.82,94.74,70.64,30236722.99,872257738965.75,40963179706.00,25284581038.00,1346498143000.00,1219949535000.00
122,0701,Kab. Bengkulu Selatan,303550113160.00,168936.00,1186.10,309.47,1495.57,91.79,69.85,29975588.94,67243733479.88,7512322919.00,6099702368.00,570193087000.00,516544760000.00
123,0702,Kab. Bengkulu Utara,320143880454.00,285852.00,4324.60,1867.98,6192.58,94.82,68.36,22078980.54,117688313638.27,23959869175.00,25787108982.00,645574356000.00,579285058000.00
124,0703,Kab. Rejang Lebong,308628942358.00,279436.00,1639.98,0,1639.98,95.03,69.40,29488705.76,84508249814.81,9127305162.00,6142142850.00,608822191000.00,551539329000.00
125,0704,Kota Bengkulu,335272071692.00,369539.00,151.70,366.56,518.26,92.65,79.67,55717552.65,182884786441.88,21928043675.00,6143829458.00,687765932000.00,622531589000.00
126,0705,Kab. Kaur,191187230158.00,130266.00,2369.05,608.73,2977.78,97.46,66.20,23064214.72,37085958440.71,7757649884.00,6267622658.00,460058227000.00,412818220000.00
127,0706,Kab. Seluma,236786573682.00,212367.00,2400.44,510.00,2910.44,95.44,65.99,17637547.54,58028361578.40,9438784632.00,8616825302.00,516803274000.00,468178288000.00
128,0707,Kab. Mukomuko,212695081558.00,182338.00,4036.70,715.43,4752.13,98.30,67.47,22492293.29,85747717510.44,15287862063.00,6099702368.00,508409152000.00,456204343000.00
129,0708,Kab. Lebong,153386974004.00,107119.00,1921.82,0,1921.82,95.18,66.28,24582199.79,35309104726.71,9194706183.00,7420752132.00,414985996000.00,372374126000.00
130,0709,Kab. Kepahiang,188355597632.00,151682.00,665.00,0,665.00,93.65,67.14,23892829.06,34444903015.92,7631968018.00,6165760631.00,438173469000.00,396946604000.00
131,0710,Kab. Bengkulu Tengah,204551490294.00,114043.00,1223.94,92.41,1316.35,93.32,66.65,26286523.51,23500020785.63,11725621151.00,27451038486.00,452146333000.00,404952770000.00
132,0800,Provinsi Lampung,1078036444872.00,9044962.00,34623.80,16358.16,50981.96,88.84,69.02,27409851.50,2864235753079.13,122496301793.00,89921761457.00,1906780297000.00,1732551921000.00
133,0801,Kab. Lampung Barat,248070509510.00,305397.00,2142.78,0,2142.78,100.90,66.74,20371587.12,50471541308.65,9552225861.00,12922139039.00,546553641000.00,489506150000.00
134,0802,Kab. Lampung Selatan,523466938398.00,1044591.00,700.32,1931.58,2631.90,86.78,67.68,29910074.19,215411464185.87,26368741577.00,13199205438.00,1044447682000.00,955147405000.00
135,0803,Kab. Lampung Tengah,742969960040.00,1477002.00,3802.68,0,3802.68,85.37,69.73,32472494.89,165414825485.54,37875008130.00,12900387832.00,1374335214000.00,1245026762000.00
136,0804,Kab. Lampung Utara,539920113092.00,619828.00,2725.87,0,2725.87,87.27,67.17,30236422.39,102289605031.63,16829252921.00,12863561818.00,976178683000.00,874288328000.00
137,0805,Kab. Lampung Timur,571733671656.00,1122587.00,5325.03,947.50,6272.53,81.49,69.04,24246383.91,125035523317.06,24368533379.00,44454946251.00,1105813659000.00,1001769863000.00
138,0806,Kab. Tanggamus,382612439746.00,646979.00,3020.64,1449.55,4470.19,89.89,65.67,19517661.30,61714421073.25,30166651408.00,23614217350.00,797038404000.00,713846128000.00
139,0807,Kab. Tulang Bawang,268009396448.00,424261.00,3466.32,499.54,3965.86,91.18,67.70,38778206.40,67129955994.70,20675231142.00,12984905132.00,642821540000.00,575725919000.00
140,0808,Kab. Way Kanan,328077310598.00,476178.00,3921.63,0,3921.63,89.70,66.63,20029747.59,56764985088.23,16221717943.00,13724222749.00,682310981000.00,618113705000.00
141,0809,Kota Bandar Lampung,598548786580.00,1183251.00,296.00,49.11,345.11,84.50,76.63,35387446.58,550275048130.32,52082460745.00,13004745505.00,1063872920000.00,972911785000.00
142,0810,Kota Metro,245777163538.00,169797.00,61.79,0,61.79,82.22,76.22,29055848.88,132202276039.19,13644448725.00,12876195832.00,467307219000.00,427352452000.00
143,0811,Kab. Pesawaran,314757448358.00,504567.00,2243.51,739.51,2983.02,80.49,64.97,23370505.60,58265161928.88,12127938063.00,13389806645.00,684210957000.00,619834916000.00
144,0812,Kab. Pringsewu,328383079748.00,402678.00,625.00,0,625.00,82.95,69.42,21134290.33,71824582142.41,9953425654.00,12896551132.00,637757501000.00,577266439000.00
145,0813,Kab. Mesuji,135772757666.00,232583.00,2184.00,0,2184.00,93.60,62.88,28233276.57,33206360523.68,16787209613.00,13195118519.00,455225458000.00,407710506000.00
146,0814,Kab. Tulang Bawang Barat,193243372444.00,275093.00,1201.00,0,1201.00,97.73,65.30,27754770.47,27613469635.77,11609606793.00,12876195832.00,491985922000.00,440634032000.00
147,0815,Kab. Pesisir Barat,143547224260.00,160170.00,2907.23,1631.96,4539.19,102.22,62.96,24267476.92,23481041773.29,9043182462.00,12866687501.00,446546056000.00,400693515000.00
148,0900,Provinsi DKI Jakarta,4152821730456.00,11011862.00,664.01,6069.97,6733.98,114.06,80.47,211400503.71,43327136602811.00,15026197590222.00,183375491488.00,0,0
149,1000,Provinsi Jawa Barat,2525141875028.00,45632714.00,35377.76,16556.50,51934.26,103.03,71.30,24691473.46,19642915448763.80,1390469986853.00,307513548008.00,3262738610000.00,2964612155000.00
150,1001,Kab. Bandung,1155694825126.00,3553670.00,1767.96,0,1767.96,106.34,71.75,14675508.78,927543321132.26,144933549485.00,184280656644.00,2147966418000.00,1964315290000.00
151,1002,Kab. Bekasi,750394073984.00,2667159.00,1224.88,317.22,1542.10,108.40,73.49,24678438.20,2094369342687.00,381014848306.00,31877244515.00,1218255504000.00,1102704422000.00
152,1003,Kab. Bogor,1119414729946.00,4699282.00,2710.62,0,2710.62,118.57,69.69,21347205.58,2794660740152.18,182236486914.00,75624857352.00,2035952146000.00,1842842843000.00
153,1004,Kab. Ciamis,691739633100.00,1248031.00,1414.71,0,1414.71,93.17,69.63,21702871.82,234610670215.00,35895351200.00,24333314822.00,1226081050000.00,1109787718000.00
154,1005,Kab. Cianjur,817319265156.00,2285971.00,3840.16,508.86,4349.02,94.06,64.62,17667993.38,569844590575.68,50671681980.00,25392269761.00,1607681345000.00,1470224591000.00
155,1006,Kab. Cirebon,886622186404.00,2184380.00,984.52,470.40,1454.92,101.80,68.05,16669440.84,584810843481.60,58225698832.00,23972292072.00,1560950142000.00,1412894602000.00
156,1007,Kab. Garut,1064265209392.00,2280162.00,3074.07,519.12,3593.19,98.09,65.42,21541975.59,421299024535.00,81986650287.00,81410721837.00,1828986436000.00,1655507753000.00
157,1008,Kab. Indramayu,754074653468.00,1858562.00,2040.11,1224.27,3264.38,109.50,66.36,20531519.38,419892815093.00,150821818345.00,32432300220.00,1415066293000.00,1294078125000.00
158,1009,Kab. Karawang,755884956622.00,2316702.00,1652.20,561.42,2213.62,101.04,69.89,26206761.35,1169569261195.82,210865030191.00,36982967582.00,1320115595000.00,1207245712000.00
159,1010,Kab. Kuningan,755923958616.00,1165401.00,1110.56,0,1110.56,101.94,68.55,19192397.52,303218052848.00,35175286150.00,24023614014.00,1233878977000.00,1116846015000.00
160,1011,Kab. Majalengka,744992259970.00,1301010.00,1204.24,0,1204.24,102.19,66.72,17892348.84,449974129888.60,45531009015.00,24216392102.00,1240856363000.00,1123161598000.00
161,1012,Kab. Purwakarta,502124049822.00,945654.00,825.74,0,825.74,104.02,69.98,28470296.66,368851052594.00,73146049017.00,24189736124.00,891539064000.00,806976915000.00
162,1013,Kab. Subang,776369134016.00,1569709.00,1893.95,306.93,2200.88,105.22,68.31,18870031.08,400755045571.00,98049171694.00,46425739102.00,1321345975000.00,1196016800000.00
163,1014,Kab. Sukabumi,815298642874.00,2564855.00,4145.70,883.12,5028.82,100.34,66.05,18936566.62,565369086733.00,82692108437.00,64015895237.00,1632355571000.00,1492789171000.00
164,1015,Kab. Sumedang,735332954404.00,1152215.00,1518.33,0,1518.33,102.84,70.99,22961004.02,432181933419.04,40559138415.00,24020721600.00,1174050174000.00,1062691951000.00
165,1016,Kab. Tasikmalaya,848865536216.00,1791881.00,2551.19,339.42,2890.61,98.56,65.00,17996890.69,248420386329.00,38041432761.00,24035212694.00,1510325379000.00,1381192559000.00
166,1017,Kota Bandung,1046371190626.00,2467821.00,167.67,0,167.67,108.95,81.06,87792873.33,2571591786199.00,294579081924.00,23969468586.00,1695146944000.00,1534362887000.00
167,1018,Kota Bekasi,704208099890.00,2441495.00,206.61,0,206.61,107.81,81.04,24751065.40,2001150459494.21,119526364254.00,23969468586.00,1246233066000.00,1128028323000.00
168,1019,Kota Bogor,454398571712.00,1041901.00,118.50,0,118.50,114.79,75.66,33667172.93,912197971288.85,66718674350.00,23969468586.00,813779065000.00,736592423000.00
169,1020,Kota Cirebon,323464904718.00,339607.00,37.36,44.34,81.70,97.99,74.35,57972082.70,440436420967.00,44701110749.00,23969468586.00,593145833000.00,536886171000.00
170,1021,Kota Depok,432612724430.00,1851878.00,200.29,0,200.29,110.82,80.29,24494689.21,1059700280693.72,78494670284.00,23969468586.00,910304465000.00,832473433000.00
171,1022,Kota Sukabumi,244550402476.00,348131.00,48.25,0,48.25,99.55,73.55,31945233.10,362342290539.00,34178252108.00,23969468586.00,507943190000.00,459764967000.00
172,1023,Kota Tasikmalaya,467180827626.00,714978.00,171.61,0,171.61,100.90,72.03,24519599.95,280014887927.09,37974632883.00,23969468586.00,804355580000.00,728062752000.00
173,1024,Kota Cimahi,293036406512.00,551836.00,39.27,0,39.27,105.68,77.56,28922950.19,335016530127.39,39647090718.00,23969468586.00,590474234000.00,534467972000.00
174,1025,Kota Banjar,172959494772.00,205102.00,113.49,0,113.49,92.07,71.25,18720986.91,116167055635.00,32630697421.00,24134117102.00,384955682000.00,348442779000.00
175,1026,Kab. Bandung Barat,561921818822.00,1662706.00,1305.77,0,1305.77,106.32,67.46,15830102.85,422341026545.00,52430756272.00,24060444084.00,1129639068000.00,1022493222000.00
176,1027,Kab. Pangandaran,248800534986.00,422615.00,1010.00,475.33,1485.33,95.83,67.44,23472464.51,111217120145.00,30529916504.00,24227179528.00,561731320000.00,508879144000.00
177,1100,Provinsi Jawa Tengah,2728356224920.00,36614603.00,32800.69,17230.39,50031.08,99.93,71.12,22096068.29,13711836037849.30,555693157918.00,10913156677.00,3784512513000.00,3438709973000.00
178,1101,Kab. Banjarnegara,536543716316.00,1017750.00,1023.73,0,1023.73,98.39,66.54,15658106.27,235994436137.00,22256029329.00,1381781534.00,989677453000.00,895806914000.00
179,1102,Kab. Banyumas,833204427572.00,1790836.00,1335.30,0,1335.30,96.15,71.30,19914780.12,648326914034.83,35407240494.00,1520017322.00,1431742124000.00,1295941916000.00
180,1103,Kab. Batang,430989365088.00,791531.00,788.65,245.10,1033.75,94.73,67.86,16150135.12,237547973048.00,28478078368.00,1550296911.00,814034417000.00,736823555000.00
181,1104,Kab. Blora,523044959590.00,902435.00,1804.59,0,1804.59,103.18,67.95,17349280.11,203182795054.00,86617980036.00,17015980402.00,952514460000.00,862894279000.00
182,1105,Kab. Boyolali,580965718924.00,1051867.00,1008.45,0,1008.45,93.69,73.22,19967515.47,342957213726.00,23855761561.00,1413096043.00,1043552276000.00,954328556000.00
183,1106,Kab. Brebes,669441785612.00,1917918.00,1902.37,306.77,2209.14,103.39,65.68,18464325.28,346907972510.31,24589836258.00,1748636703.00,1370022166000.00,1240076073000.00
184,1107,Kab. Cilacap,762524292806.00,1930269.00,2124.47,633.92,2758.39,96.31,69.56,20067178.92,527577740281.47,60421115064.00,1650381787.00,1410207862000.00,1276450170000.00
185,1108,Kab. Demak,480273236134.00,1153075.00,900.12,265.93,1166.05,109.46,71.26,15035307.28,342324870245.00,21641358012.00,1345825990.00,939063384000.00,858773465000.00
186,1109,Kab. Grobogan,578036804752.00,1470461.00,2013.86,0,2013.86,101.11,69.32,15071957.54,315743531675.00,29550114637.00,1968820449.00,1133179929000.00,1036293045000.00
187,1110,Kab. Jepara,528641796670.00,1188539.00,1059.25,2097.65,3156.90,110.07,71.38,15175399.46,369330454700.00,32112528419.00,1398370142.00,1027798317000.00,930312029000.00
188,1111,Kab. Karanganyar,593972045408.00,925431.00,775.44,0,775.44,94.62,75.54,20093899.13,343156469167.00,23260774389.00,1690895599.00,1007870479000.00,912274339000.00
189,1112,Kab. Kebumen,725158603732.00,1385577.00,1211.74,421.62,1633.36,96.15,68.80,14161728.30,352047092281.90,20803060743.00,1417931636.00,1270129645000.00,1161533560000.00
190,1113,Kab. Kendal,556634968746.00,1006908.00,1118.13,339.98,1458.11,100.83,71.28,22805341.88,335892237024.00,27929803964.00,1627524417.00,986835669000.00,902461219000.00
191,1114,Kab. Klaten,680245748104.00,1319530.00,658.22,0,658.22,95.03,74.79,16898809.49,395884244135.42,24846841755.00,1340170369.00,1272337662000.00,1163552792000.00
192,1115,Kab. Kudus,478836416160.00,857415.00,425.15,0,425.15,104.60,74.58,23702063.58,337364609424.00,86425599596.00,1340380149.00,832952616000.00,753947370000.00
193,1116,Kab. Magelang,578692191270.00,1292713.00,1102.93,0,1102.93,97.97,69.11,17337130.15,325089093092.00,19795869884.00,1384029091.00,1089151569000.00,985845947000.00
194,1117,Kab. Pati,710361734258.00,1321948.00,1489.19,347.36,1836.55,109.22,70.71,21878805.71,384041846939.00,25409066041.00,1683829392.00,1230193753000.00,1113510333000.00
195,1118,Kab. Pekalongan,556269340830.00,951339.00,837.00,71.69,908.69,101.02,68.97,14634857.33,311288143681.83,18774993989.00,1412196759.00,962698102000.00,880387414000.00
196,1119,Kab. Pemalang,654372779292.00,1490300.00,1118.03,253.01,1371.04,97.63,65.67,11858509.64,300481887079.00,21400365523.00,1931441590.00,1218988687000.00,1114765154000.00
197,1120,Kab. Purbalingga,497819974052.00,998373.00,677.55,0,677.55,94.50,68.41,16334136.32,282679019517.00,17522139880.00,1370725108.00,913944219000.00,835801988000.00
198,1121,Kab. Purworejo,539393984146.00,791463.00,1091.49,149.03,1240.52,96.57,71.87,17891591.21,286971590024.00,17301712596.00,1384455122.00,951523640000.00,870168369000.00
199,1122,Kab. Rembang,443050039362.00,637150.00,887.13,519.28,1406.41,106.07,69.46,20525401.96,296676436263.15,20192268635.00,2206958859.00,793145321000.00,725331396000.00
200,1123,Kab. Semarang,546743642388.00,1031772.00,950.21,0,950.21,105.27,73.61,27679084.20,383475678133.60,30211932991.00,1535145516.00,984259838000.00,900105622000.00
201,1124,Kab. Sragen,605414705736.00,994507.00,941.54,0,941.54,99.97,72.96,21450022.41,334303284344.00,19056875440.00,1465666498.00,1079073389000.00,986812614000.00
202,1125,Kab. Sukoharjo,533948081418.00,902427.00,489.12,0,489.12,98.21,76.07,23287002.30,433485481219.00,25167028223.00,1340170369.00,932667475000.00,852924406000.00
203,1126,Kab. Tegal,645769563072.00,1566587.00,876.10,153.71,1029.81,98.33,67.33,13088942.46,372282676054.62,21232470187.00,1580665102.00,1198258782000.00,1084604382000.00
204,1127,Kab. Temanggung,433786697764.00,789508.00,837.71,0,837.71,101.56,68.83,18649058.05,252019934778.00,17951069172.00,1382471079.00,815241545000.00,737916187000.00
205,1128,Kab. Wonogiri,663355884782.00,1087093.00,1793.67,47.38,1841.05,99.46,69.37,20067181.75,269032427619.00,19299570422.00,1581592203.00,1158056714000.00,1059042865000.00
206,1129,Kab. Wonosobo,447986530742.00,883005.00,981.41,0,981.41,100.50,67.81,16426874.54,226819478601.00,20295505728.00,1391005084.00,862219360000.00,788499605000.00
207,1130,Kota Magelang,189115015772.00,130056.00,16.06,0,16.06,96.85,78.31,53147212.47,249877424347.00,17018271075.00,1340170369.00,449177032000.00,410772396000.00
208,1131,Kota Pekalongan,206305810148.00,313365.00,45.25,44.05,89.30,99.71,74.24,25705826.28,179224408698.00,18389981062.00,1340170369.00,462597916000.00,423045794000.00
209,1132,Kota Salatiga,223682011048.00,195010.00,57.36,0,57.36,102.10,82.41,43963712.47,208926057032.00,17102363894.00,1341711048.00,460323744000.00,416662208000.00
210,1133,Kota Semarang,716179613282.00,1670379.00,373.78,117.97,491.75,100.00,82.72,75379671.45,1821274103250.00,159709311870.00,1394502004.00,1225952784000.00,1121133821000.00
211,1134,Kota Surakarta,416301289180.00,572560.00,46.01,0,46.01,95.88,81.46,72149444.64,527739388159.00,39592216688.00,1340170369.00,847350214000.00,774901771000.00
212,1135,Kota Tegal,233700167542.00,285506.00,39.68,44.15,83.83,102.34,74.44,42301668.65,275021448594.41,18258408479.00,1340170369.00,495913552000.00,448876336000.00
213,1200,Provinsi DI Yogyakarta,767885158080.00,3645487.00,3133.15,2334.56,5467.71,103.42,79.53,31044000.34,2040723348530.93,88194755176.00,44756323.00,1351102020000.00,1227647676000.00
214,1201,Kab. Bantul,551321180490.00,945441.00,508.13,104.99,613.12,104.35,79.45,21987376.34,462653956229.75,24848763991.00,713613199.00,1009528274000.00,923213607000.00
215,1202,Kab. Gunung Kidul,550013479184.00,768523.00,1431.42,478.41,1909.83,105.78,69.24,20513997.52,226984458096.18,20375691123.00,746273941.00,965080463000.00,882566083000.00
216,1203,Kab. Kulon Progo,423279318870.00,447007.00,586.28,188.40,774.68,102.60,73.76,19926695.97,211047699573.07,17790198027.00,798087404.00,726666807000.00,657742730000.00
217,1204,Kab. Sleman,599175173914.00,1070913.00,574.82,0,574.82,100.38,83.42,35760624.59,894272961557.85,47600928548.00,713611848.00,1026081409000.00,938351449000.00
218,1205,Kota Yogyakarta,346423521622.00,413603.00,32.50,0,32.50,104.09,86.11,71120366.30,667493075470.14,44727444849.00,713611848.00,675575229000.00,611497170000.00
219,1300,Provinsi Jawa Timur,3351961627472.00,40706075.00,47803.49,53929.53,101733.02,103.68,70.77,35841085.21,18531062021823.40,932783028517.00,1237352517934.00,4031258506000.00,3662910027000.00
220,1301,Kab. Bangkalan,550636408730.00,1072757.00,1001.44,674.53,1675.97,108.05,62.87,16618061.91,199258427616.41,27765125049.00,74403438039.00,1027967347000.00,930465026000.00
221,1302,Kab. Banyuwangi,704057494792.00,1745675.00,5782.40,1661.93,7444.33,107.26,70.06,36676440.43,450066949215.18,46077600987.00,100073579995.00,1427682189000.00,1293354427000.00
222,1303,Kab. Blitar,616386837400.00,1241523.00,1336.48,307.88,1644.36,100.06,69.93,22902945.48,252453245801.27,24042193334.00,67813967013.00,1143550460000.00,1045776896000.00
223,1304,Kab. Bojonegoro,601392582260.00,1331176.00,2198.79,0,2198.79,98.62,67.85,24600626.04,425167970431.02,216818133601.00,2281171868831.00,962562603000.00,871263898000.00
224,1305,Kab. Bondowoso,523599899174.00,796149.00,1525.97,0,1525.97,97.58,65.27,17659224.07,203239207718.18,23062310577.00,68044170471.00,937008730000.00,848133800000.00
225,1306,Kab. Gresik,518283584974.00,1271814.00,1191.25,1084.97,2276.22,119.39,75.28,45482435.83,957255706268.71,104081963966.00,67656560411.00,953513242000.00,871987860000.00
226,1307,Kab. Jember,859140570816.00,2563516.00,3092.34,1000.49,4092.83,106.93,65.96,21317028.29,597509388023.37,48127727032.00,68371280627.00,1757784457000.00,1607493887000.00
227,1308,Kab. Jombang,607139207288.00,1339467.00,1115.09,0,1115.09,101.27,71.86,23131285.43,438197175438.60,27419123153.00,67570446261.00,1121597500000.00,1015214394000.00
228,1309,Kab. Kediri,695524952678.00,1657673.00,1386.05,0,1386.05,100.34,71.07,18541940.35,476905008817.62,34512204971.00,67657259548.00,1275275702000.00,1166239629000.00
229,1310,Kab. Lamongan,624653979362.00,1369096.00,1782.05,275.11,2057.16,110.30,71.97,24291720.15,436595179671.02,29420364959.00,67878634176.00,1179406924000.00,1078567632000.00
230,1311,Kab. Lumajang,474616262982.00,1127427.00,1790.90,272.59,2063.49,107.25,64.83,20658936.14,270169877126.81,25579762430.00,68776133401.00,1000501943000.00,905604706000.00
231,1312,Kab. Madiun,483308485348.00,745986.00,1037.58,0,1037.58,104.07,71.01,21100893.30,219041431266.71,22456675810.00,68260537856.00,902133644000.00,816566603000.00
232,1313,Kab. Magetan,536463922756.00,696382.00,688.84,0,688.84,106.42,72.91,22466477.87,196826063935.96,19936443725.00,67505629262.00,926446789000.00,838573655000.00
233,1314,Kab. Malang,824447736754.00,2542506.00,3530.65,654.60,4185.25,105.80,69.40,26154658.82,585290988835.99,53533384247.00,67674547652.00,1712030558000.00,1565651946000.00
234,1315,Kab. Mojokerto,534184608868.00,1133988.00,717.83,0,717.83,101.70,72.64,31507812.72,546289352326.15,34072285924.00,67573074718.00,1000096559000.00,914588303000.00
235,1316,Kab. Nganjuk,608831861552.00,1119508.00,1224.25,0,1224.25,103.22,71.23,18894010.84,361586738454.12,25123313495.00,67837368461.00,1095705635000.00,991778363000.00
236,1317,Kab. Ngawi,633701348632.00,910037.00,1295.98,0,1295.98,104.28,69.91,19076322.38,223871715022.26,24842486121.00,68047978545.00,1070936809000.00,979371712000.00
237,1318,Kab. Pacitan,457709730930.00,594757.00,1389.92,477.81,1867.73,99.33,67.33,22194618.89,185153427758.47,18084182730.00,67494241557.00,815713188000.00,738964366000.00
238,1319,Kab. Pamekasan,467491916146.00,824406.00,792.24,376.99,1169.23,105.44,65.41,17475054.85,222410664049.09,23083303943.00,67474493348.00,880012202000.00,796543372000.00
239,1320,Kab. Pasuruan,662683621392.00,1589943.00,1474.02,174.67,1648.69,102.68,67.41,36425488.19,614302515368.07,50360760004.00,67564288164.00,1214055132000.00,1098902454000.00
240,1321,Kab. Ponorogo,631582850388.00,967268.00,1305.70,0,1305.70,105.87,69.91,18152057.70,289017741958.47,24770535001.00,68003061903.00,1075089856000.00,983169673000.00
241,1322,Kab. Probolinggo,510612934476.00,1136410.00,1696.21,538.41,2234.62,97.47,64.85,21131114.15,234483636962.64,27219327257.00,67630981571.00,1006908016000.00,911403165000.00
242,1323,Kab. Sampang,431966946674.00,858126.00,1233.08,752.34,1985.42,104.72,61.00,17547016.99,135349867961.19,21914175973.00,67465013364.00,863856319000.00,781919868000.00
243,1324,Kab. Sidoarjo,745853560794.00,1913815.00,634.38,228.86,863.24,114.93,79.50,53968618.79,1685558666147.01,102471641335.00,69683433642.00,1244893902000.00,1138455473000.00
244,1325,Kab. Situbondo,442872271626.00,689893.00,1669.87,1016.84,2686.71,98.06,66.42,22248366.87,187287219449.41,23099526076.00,67511714466.00,830381085000.00,752252189000.00
245,1326,Kab. Sumenep,588438756318.00,1133755.00,1998.54,8403.22,10401.76,107.30,65.25,21643432.76,185832755753.29,35275942812.00,70116679712.00,1184802133000.00,1083501551000.00
246,1327,Kab. Trenggalek,508612886316.00,749798.00,1147.22,632.05,1779.27,101.65,68.71,18219739.46,233808792639.21,21172033419.00,67610023958.00,910627900000.00,832769215000.00
247,1328,Kab. Tuban,554223621088.00,1209919.00,1834.15,455.82,2289.97,102.79,67.43,31399705.32,442531646743.74,62383736994.00,72249797730.00,1057348126000.00,966944861000.00
248,1329,Kab. Tulungagung,724090273198.00,1116473.00,1055.65,190.47,1246.12,100.54,71.99,24630914.02,453153465280.26,25986820686.00,67509044392.00,1187589447000.00,1074947029000.00
249,1330,Kota Blitar,191323260626.00,157465.00,32.57,0,32.57,99.91,77.58,36598151.57,163026005752.93,19629923801.00,67464332495.00,430364698000.00,393568516000.00
250,1331,Kota Kediri,297989970362.00,293369.00,63.40,0,63.40,97.85,77.58,82782294.16,249093229531.44,36840130893.00,67464332495.00,621217848000.00,562295566000.00
251,1332,Kota Madiun,217240482096.00,206598.00,33.92,0,33.92,110.14,80.33,53605116.25,230847977146.73,25390798853.00,67464332495.00,513066617000.00,464402439000.00
252,1333,Kota Malang,442802392938.00,856620.00,145.28,0,145.28,99.87,80.89,59758718.56,556888383143.67,59220052598.00,67464332495.00,866386024000.00,784209632000.00
253,1334,Kota Mojokerto,181134555668.00,138635.00,20.21,0,20.21,104.60,77.14,39154962.28,182508304189.27,18931773681.00,67464332495.00,406134942000.00,367613194000.00
254,1335,Kota Pasuruan,200227200978.00,210507.00,35.29,38.63,73.92,100.42,74.78,29583520.49,153027195761.39,20615996480.00,67464332495.00,434869105000.00,397687797000.00
255,1336,Kota Probolinggo,220090133336.00,240081.00,56.67,27.61,84.28,94.92,72.53,37747922.21,175789670858.90,22780341763.00,67464332495.00,472474689000.00,427660640000.00
256,1337,Kota Surabaya,871126103062.00,2941981.00,350.54,156.53,507.07,113.23,81.74,151961009.52,4972890868136.31,389788594246.00,67464332495.00,1254344402000.00,1147097956000.00
257,1338,Kota Batu,198144149756.00,211576.00,136.74,0,136.74,100.47,75.04,72101059.42,162574646582.18,15936781679.00,67514043095.00,498821955000.00,451508878000.00
258,1400,Provinsi Kalimantan Barat,689941661700.00,5427075.00,147307.00,33344.36,180651.36,111.53,66.98,28145082.68,2194867823990.63,146425501580.00,31720669787.00,1756069684000.00,1563770887000.00
259,1401,Kab. Bengkayang,249427889910.00,287714.00,5075.48,880.43,5955.91,114.90,66.85,24526421.30,50525047721.51,14570464880.00,4534793536.00,609216403000.00,546660437000.00
260,1402,Kab. Landak,267350241640.00,400226.00,8915.10,0,8915.10,112.72,65.45,21284405.93,78978742771.55,23310540776.00,8803016155.00,689893247000.00,611306636000.00
261,1403,Kab. Kapuas Hulu,321649782948.00,245556.00,29842.00,0,29842.00,117.45,65.03,31855746.20,76001252906.17,26176062371.00,7399769155.00,1001767363000.00,898903217000.00
262,1404,Kab. Ketapang,400363323470.00,571674.00,31240.74,3469.26,34710.00,107.95,66.41,28711846.95,190356708116.01,75032860428.00,41835407183.00,1155901341000.00,1037210307000.00
263,1405,Kab. Mempawah,258124343852.00,305418.00,2797.88,1104.68,3902.56,111.36,64.90,20862174.34,75774088180.20,12531717365.00,4738794215.00,599440558000.00,536872903000.00
264,1406,Kab. Sambas,423742399226.00,636615.00,6716.52,1360.86,8077.38,112.24,66.61,26015431.07,127663390963.28,29203256518.00,4278961865.00,898483100000.00,813946622000.00
265,1407,Kab. Sanggau,333955966828.00,487115.00,12857.80,0,12857.80,114.83,65.15,27070548.66,117497967595.32,37578479204.00,30894092479.00,840753919000.00,744982578000.00
266,1408,Kab. Sintang,365511183000.00,409966.00,21638.20,0,21638.20,110.33,66.07,27118824.05,240581936653.27,33991902668.00,6886909878.00,933216747000.00,837391561000.00
267,1409,Kota Pontianak,334431508336.00,667053.00,107.80,0,107.80,104.44,78.56,45581934.17,440358120030.76,49328591474.00,4372674332.00,716035844000.00,648120110000.00
268,1410,Kota Singkawang,219354580718.00,236879.00,504.00,144.22,648.22,115.14,71.08,33497477.45,130864903685.88,13002346987.00,4272454327.00,508930770000.00,455810232000.00
269,1411,Kab. Sekadau,175910700210.00,213467.00,5444.20,0,5444.20,111.29,63.69,25371380.73,59087969584.70,17637699617.00,5204342771.00,520790622000.00,467314451000.00
270,1412,Kab. Melawi,216054883284.00,233006.00,10640.80,0,10640.80,109.63,65.05,18036993.31,40838662360.42,19905142868.00,4209300166.00,621160088000.00,557377712000.00
271,1413,Kab. Kayong Utara,137218996856.00,126599.00,4568.26,5242.05,9810.31,113.73,61.82,26115728.08,27205096648.63,13277814635.00,4273430699.00,505344612000.00,447780169000.00
272,1414,Kab. Kubu Raya,353745143018.00,605787.00,6958.22,1571.82,8530.04,106.14,67.23,28066694.80,184531274752.15,29901570464.00,5492893463.00,811401866000.00,726710379000.00
273,1500,Provinsi Kalimantan Tengah,636242246162.00,2577215.00,153564.50,12325.85,165890.35,101.90,70.42,39342643.67,1616521660227.16,140130497862.00,204458353635.00,1603623745000.00,1439305729000.00
274,1501,Kab. Barito Selatan,237088173042.00,128825.00,8830.00,0,8830.00,101.80,69.73,35494983.37,81427860612.76,16888941807.00,56863612880.00,589227453000.00,522107810000.00
275,1502,Kab. Barito Utara,248583863196.00,155822.00,8300.00,0,8300.00,102.01,69.72,28865233.36,71442643912.31,41626690732.00,121298995124.00,571435063000.00,506342173000.00
276,1503,Kab. Kapuas,399437600384.00,414767.00,14999.00,196.40,15195.40,93.81,68.68,27576311.12,107659735982.55,35904511636.00,136187992842.00,886053953000.00,785122428000.00
277,1504,Kab. Kotawaringin Barat,263252772834.00,252556.00,10759.00,989.05,11748.05,100.41,72.46,52718192.03,179785920666.73,57565969093.00,33109106805.00,674524412000.00,597688484000.00
278,1505,Kab. Kotawaringin Timur,358291405388.00,412949.00,16796.00,600.36,17396.36,99.79,70.56,44294809.24,200129417178.89,76380357846.00,37978232343.00,851259044000.00,763849494000.00
279,1506,Kota Palangkaraya,321521473054.00,266127.00,2399.50,0,2399.50,98.92,80.34,55327330.55,154638489583.94,21895091517.00,29576838372.00,661758638000.00,592686424000.00
280,1507,Kab. Katingan,236873542030.00,156496.00,17500.00,420.84,17920.84,96.00,67.91,38112850.43,53291967613.08,51107874841.00,51656622576.00,712716150000.00,631529753000.00
281,1508,Kab. Seruyan,180568098944.00,147438.00,16404.00,1003.36,17407.36,100.71,67.04,37225538.86,93253508652.60,29152876396.00,54217880872.00,637797862000.00,565145502000.00
282,1509,Kab. Sukamara,115574586742.00,61559.00,3827.00,546.61,4373.61,112.85,67.52,49334195.81,44572551815.51,12426450426.00,29356326275.00,437389303000.00,387565735000.00
283,1510,Kab. Lamandau,162817866000.00,90060.00,6414.00,0,6414.00,103.95,69.70,42401295.64,89396745353.50,17433697693.00,41513381213.00,479257704000.00,424664854000.00
284,1511,Kab. Gunung Mas,213665819096.00,135355.00,10805.00,0,10805.00,103.11,70.23,29467153.46,42147370621.31,21522201950.00,40220167102.00,579237044000.00,513255421000.00
285,1512,Kab. Pulang Pisau,216546431982.00,132340.00,8997.00,769.52,9766.52,101.17,67.54,34235937.90,42610560826.36,13641888709.00,29978955014.00,587410021000.00,520497404000.00
286,1513,Kab. Murung Raya,189685566280.00,109296.00,23700.00,0,23700.00,117.13,67.56,33646060.12,59797986151.80,27995341812.00,121741543643.00,697791611000.00,618305287000.00
287,1514,Kab. Barito Timur,236061943414.00,113625.00,3834.00,0,3834.00,97.29,70.82,34694264.65,47823932244.09,22214782098.00,52966127133.00,499459782000.00,442565688000.00
288,1600,Provinsi Kalimantan Selatan,737792458102.00,4042565.00,38744.23,21972.01,60716.24,100.90,70.17,28051935.77,3557316628829.70,169920751085.00,757499090782.00,1204213180000.00,1091037011000.00
289,1601,Kab. Banjar,424417972240.00,550264.00,4668.00,32.75,4700.75,105.12,68.32,21991409.61,189478934878.69,28519954396.00,197020438063.00,750563337000.00,679944334000.00
290,1602,Kab. Barito Kuala,306035539330.00,314838.00,2996.46,116.90,3113.36,104.68,65.91,21460845.11,105162770092.78,17310473638.00,126171287472.00,592452822000.00,530614524000.00
291,1603,Kab. Hulu Sungai Selatan,286266831238.00,230489.00,1804.94,0,1804.94,97.64,68.41,21944833.37,131622310850.62,32955082272.00,202212473634.00,536650183000.00,480636383000.00
292,1604,Kab. Hulu Sungai Tengah,272859974514.00,258097.00,1472.00,0,1472.00,99.61,68.32,21942543.21,91332847731.91,12121683857.00,126251784285.00,533064238000.00,482909290000.00
293,1605,Kab. Hulu Sungai Utara,268536797292.00,229381.00,892.70,0,892.70,102.37,65.06,18103310.97,104746341649.67,12049768283.00,126089310444.00,505759317000.00,452969805000.00
294,1606,Kab. Kotabaru                                     ,276174311748.00,323314.00,9482.73,5060.20,14542.93,97.44,68.32,32667127.63,131903659671.26,49189299562.00,174922522213.00,655919860000.00,588568258000.00
295,1607,Kab. Tabalong,290787914370.00,243294.00,3766.97,0,3766.97,102.35,71.14,33909276.89,170033432629.80,77183883874.00,276099824362.00,512171941000.00,453829788000.00
296,1608,Kab. Tanah Laut,321859549674.00,349826.00,3631.35,1279.04,4910.39,98.48,68.49,24138546.97,128454917428.69,45696273093.00,363706003309.00,558663764000.00,500352258000.00
297,1609,Kab. Tapin,251172712608.00,187510.00,2700.82,0,2700.82,97.90,69.53,28006991.49,89819701537.77,51312428427.00,262830476936.00,474135792000.00,420126385000.00
298,1610,Kota Banjarbaru                                   ,244954005894.00,236222.00,371.00,0,371.00,102.60,78.83,33060595.84,229786672728.92,20151911952.00,126294708315.00,450327791000.00,411824765000.00
299,1611,Kota Banjarmasin,362467855600.00,668767.00,72.00,0,72.00,105.91,76.83,37506555.69,277873887439.90,42418194520.00,126203073402.00,714670492000.00,653566165000.00
300,1612,Kab. Balangan,194029287788.00,130829.00,1878.30,0,1878.30,101.01,67.88,30034224.50,68649415232.67,27858480903.00,493657955805.00,391515124000.00,351313306000.00
301,1613,Kab. Tanah Bumbu,256619617510.00,319734.00,5006.96,816.06,5823.02,97.14,70.05,33372318.38,185351937574.98,73083962669.00,441004916411.00,483662405000.00,433998658000.00
302,1700,Provinsi Kalimantan Timur,704095265980.00,3612106.00,129066.64,29473.09,158539.73,114.37,75.83,63840005.02,5800270285305.67,599348148844.00,2172258803266.00,933643604000.00,831404756000.00
303,1701,Kab. Berau,305454085502.00,231079.00,21240.00,4402.25,25642.25,106.96,74.01,58273982.12,210437540329.57,86907777801.00,848392350462.00,616380045000.00,553088497000.00
304,1703,Kab. Kutai Kartanegara,858872914242.00,692776.00,23601.91,1849.01,25450.92,116.23,73.15,73632489.08,303927837102.38,859880761437.00,1678266613567.00,481893615000.00,432411493000.00
305,1704,Kab. Kutai Barat,231317917854.00,163142.00,20381.59,0,20381.59,116.47,70.69,74520867.30,96510462784.59,68730739648.00,720953272569.00,617042219000.00,553682677000.00
306,1705,Kab. Kutai Timur,356273859526.00,421616.00,35747.50,2301.04,38048.54,119.05,72.56,46900628.91,144594266979.72,210988623151.00,1369165385570.00,634687352000.00,569515961000.00
307,1708,Kab. Paser,303366190702.00,263504.00,7730.88,1102.61,8833.49,103.32,71.61,38543292.00,149405400464.48,77700447420.00,761308544258.00,423988856000.00,380452549000.00
308,1709,Kota Balikpapan,320161657994.00,667188.00,527.00,310.17,837.17,106.75,79.81,79627443.68,646868407485.10,123953578235.00,469470265663.00,462821061000.00,423249860000.00
309,1710,Kota Bontang,175020499096.00,180432.00,406.70,276.68,683.38,104.55,79.86,56194547.77,199483395952.57,88073151363.00,476458032797.00,247848564000.00,224528988000.00
310,1711,Kota Samarinda,509493638894.00,789601.00,783.00,0,783.00,108.32,79.93,64634671.64,498888664159.96,93507456251.00,523611508712.00,709417739000.00,648762522000.00
311,1713,Kab. Penajam Paser Utara,214839321610.00,172867.00,3333.06,403.30,3736.36,109.32,71.13,27774929.60,70390460397.48,72352317085.00,496807515659.00,301419869000.00,267084751000.00
312,1715,Kab. Mahakam Ulu,61169236402.00,29901.00,15315.00,0,15315.00,162.74,66.67,81848787.10,17405627519.65,28042001829.00,478569984865.00,503692110000.00,451971660000.00
313,1800,Provinsi Sulawesi Utara,711830456626.00,2645118.00,13892.47,47845.97,61738.44,108.32,72.20,38925285.17,1253804977826.74,78154251915.00,41997501161.00,1474380664000.00,1335813209000.00
314,1801,Kab. Bolaang Mongondow,260701222954.00,250326.00,2871.65,563.16,3434.81,102.22,66.91,26048417.31,43651374144.00,9215546535.00,7196856899.00,577441826000.00,517170327000.00
315,1802,Kab. Minahasa,329279350446.00,341081.00,1114.87,498.07,1612.94,102.01,74.97,40088235.42,94590405094.00,19216098573.00,9617113012.00,672386076000.00,602204605000.00
316,1803,Kab. Kepulauan Sangihe,238026684160.00,142408.00,461.11,4266.40,4727.51,124.75,69.67,25308228.91,62574046551.18,8549383578.00,6831275613.00,552557999000.00,494883793000.00
317,1804,Kota Bitung,193201804344.00,225395.00,302.89,520.73,823.62,109.88,73.27,45331861.88,109653370127.70,31964373954.00,59656199896.00,490156746000.00,448248344000.00
318,1805,Kota Manado,359609179992.00,471874.00,157.27,374.14,531.41,100.15,78.41,70367748.37,363177940171.00,40240148585.00,6588934171.00,745590462000.00,681842477000.00
319,1806,Kab. Kepulauan Talaud,213448466588.00,96616.00,1240.40,3051.63,4292.03,136.75,68.32,19401124.17,23866863507.88,7779479132.00,6720665755.00,515316732000.00,461529648000.00
320,1807,Kab. Minahasa Selatan,243788160956.00,238455.00,1409.97,546.03,1956.00,107.98,70.86,26805202.22,38521274380.00,9024979611.00,6990502220.00,542944890000.00,491860291000.00
321,1808,Kota Tomohon,170860240236.00,99582.00,114.20,0,114.20,106.25,75.78,34059458.25,35338892274.00,13415852461.00,9370138123.00,421364016000.00,385337393000.00
322,1809,Kab. Minahasa Utara,213818449492.00,221325.00,918.49,1352.35,2270.84,105.97,73.05,44096701.82,90943692634.00,36338294535.00,13550443091.00,520356677000.00,471397358000.00
323,1810,Kab. Kep. Siau Tagulandang Biaro,123643114700.00,73675.00,275.86,1832.58,2108.44,117.39,66.75,28439334.02,21553994290.00,7244554111.00,6552047654.00,406422878000.00,364001780000.00
324,1811,Kota Kotamobagu,154214777904.00,123187.00,108.89,0,108.89,106.61,72.55,25178624.12,64268887289.63,9637785220.00,6623916390.00,389532140000.00,352585161000.00
325,1812,Kab. Bolaang Mongondow Utara,140139990550.00,84572.00,1680.00,604.38,2284.38,99.47,66.32,22967811.77,16425467982.94,7596955714.00,6923528830.00,398047024000.00,352704985000.00
326,1813,Kab. Minahasa Tenggara,151881978572.00,117213.00,710.83,319.63,1030.46,103.19,69.66,35902780.89,18632767389.40,7875667635.00,6827343437.00,425581098000.00,381160328000.00
327,1814,Kab. Bolaang Mongondow Timur,112908040268.00,88243.00,910.18,482.07,1392.25,104.54,65.21,19886421.56,14991126130.00,7772079294.00,10663377164.00,362581229000.00,328466686000.00
328,1815,Kab. Bolaang Mongondow Selatan,108609192580.00,71166.00,1615.86,971.32,2587.18,103.71,64.49,25322772.12,17840935776.00,8612051575.00,16806459711.00,370285649000.00,332263730000.00
329,1900,Provinsi Sulawesi Tengah,755754905796.00,2969475.00,61841.29,73587.88,135429.17,91.98,68.88,37871462.92,1016628663677.00,63317044581.00,126573841779.00,1658821796000.00,1488847818000.00
330,1901,Kab. Banggai,474700526218.00,367241.00,9672.70,5014.22,14686.92,96.81,69.85,37990644.92,135426630832.28,68849491022.00,217006961648.00,893363269000.00,801630344000.00
331,1902,Kab. Banggai Kepulauan,191740523600.00,122707.00,2488.79,3013.46,5502.25,100.42,64.68,29197444.53,23922233075.54,7222509411.00,20904492042.00,500923284000.00,443862480000.00
332,1903,Kab. Buol,233311298716.00,140515.00,4043.57,1244.56,5288.13,91.03,67.30,33868079.02,71743119177.74,10594395481.00,22361710956.00,542974174000.00,481123300000.00
333,1904,Kab. Toli-Toli,304567382756.00,218385.00,4079.77,2188.88,6268.65,94.16,64.60,34825186.42,80312115617.43,9170365383.00,22561680055.00,651109671000.00,584251992000.00
334,1905,Kab. Donggala,345215572028.00,302591.00,4275.08,2784.32,7059.40,86.62,65.14,30103637.57,60135251908.54,10056794863.00,21157544463.00,701561699000.00,621645920000.00
335,1906,Kab. Morowali,195552904760.00,146541.00,3037.04,4203.68,7240.72,91.23,71.14,49720327.39,181232941457.03,14480398836.00,54251914710.00,523653350000.00,464003336000.00
336,1907,Kab. Poso,405637990722.00,246776.00,7112.25,486.96,7599.21,88.46,70.68,34389501.03,94146870935.79,10943702899.00,22700899727.00,750672870000.00,673591776000.00
337,1908,Kota Palu,391311577950.00,370376.00,395.06,102.32,497.38,85.26,80.91,53106598.27,267401948490.67,20980564177.00,21184866617.00,690615599000.00,631567965000.00
338,1909,Kab. Parigi Moutong,387482684436.00,448558.00,5089.91,3264.14,8354.05,89.47,64.85,35821014.19,163657795142.81,9627739448.00,22396264025.00,795748136000.00,712690534000.00
339,1910,Kab. Tojo Una Una,252409798274.00,164174.00,5721.15,4319.04,10040.19,90.32,63.38,29391818.67,61148549945.07,8205067499.00,23097135947.00,608855367000.00,546336473000.00
340,1911,Kab. Sigi,325594649518.00,251922.00,5196.02,0,5196.02,86.09,67.66,31487797.78,50857832638.17,7677742059.00,21017336647.00,654884724000.00,587639413000.00
341,1912,Kab. Banggai Laut,116569211274.00,67834.00,725.67,5916.78,6642.45,102.84,64.80,31922076.26,21776178732.73,6598532102.00,20990401093.00,428459942000.00,388147003000.00
342,1913,Kab. Morowali Utara,203244412972.00,121855.00,10004.28,1104.27,11108.55,94.93,67.95,54904044.31,56083076336.59,13194529331.00,26553155780.00,599742932000.00,538159727000.00
343,2000,Provinsi Sulawesi Selatan,1642594457284.00,9117380.00,46717.48,87039.75,133757.23,97.34,70.90,40062541.52,3948349252423.45,189182309749.00,43021398865.00,2586312342000.00,2349993034000.00
344,2001,Kab. Bantaeng,255013316054.00,200886.00,395.83,143.81,539.64,90.84,67.76,35532706.42,94630714707.18,9969283777.00,4343619422.00,523995339000.00,469302410000.00
345,2002,Kab. Barru,270010768970.00,181412.00,1174.71,499.26,1673.97,97.36,70.05,34325607.29,104627706924.57,9907534977.00,4363363590.00,536728607000.00,486228886000.00
346,2003,Kab. Bone,607654325676.00,806889.00,4559.00,950.61,5509.61,97.60,65.04,34295104.08,214246216580.41,17583162612.00,4899170095.00,1099934949000.00,985127318000.00
347,2004,Kab. Bulukumba,399901855340.00,438095.00,1284.63,843.10,2127.73,89.03,67.70,27444780.00,137711717885.07,13338072172.00,4077967928.00,728860249000.00,660283246000.00
348,2005,Kab. Enrekang,283629314406.00,226443.00,1784.93,0,1784.93,103.63,72.15,23002205.75,66043333304.23,10596582860.00,4428446951.00,557010839000.00,498871860000.00
349,2006,Kab. Gowa,494669197792.00,757369.00,1883.32,0,1883.32,88.13,68.87,22471036.31,217112642503.37,14012264933.00,4552960383.00,874052055000.00,791814245000.00
350,2007,Kab. Jeneponto,341481804112.00,413405.00,706.52,496.40,1202.92,97.38,63.33,21444764.34,91994774094.75,12050670579.00,4342990765.00,665797605000.00,602646950000.00
351,2008,Kab. Luwu,363826231410.00,369542.00,3343.97,710.85,4054.82,106.19,69.60,35514972.77,106865737219.45,10367184717.00,5364733091.00,719903882000.00,644762657000.00
352,2009,Kab. Luwu Utara,310735700480.00,326961.00,7502.58,385.62,7888.20,98.73,68.79,30364411.71,113283072477.81,11397337140.00,4915566810.00,688054797000.00,617403494000.00
353,2010,Kab. Maros,412466876390.00,385500.00,1619.12,128.74,1747.86,88.75,68.94,42620613.09,219813979862.41,20964916412.00,4435813555.00,731578037000.00,662745323000.00
354,2011,Kab. Pangkajene Kepulauan,377487768458.00,348645.00,1132.08,7904.90,9036.98,95.65,67.71,27020604.67,174288744559.94,20095060874.00,4558641359.00,771465469000.00,698879826000.00
355,2012,Kota Palopo,279512130674.00,181438.00,252.99,35.47,288.46,100.25,77.30,38011781.93,139282846484.07,10960605312.00,4342679247.00,529681013000.00,479440966000.00
356,2013,Kab. Luwu Timur,244571372570.00,300078.00,6944.88,620.69,7565.57,108.49,72.16,33281980.39,264769982685.12,36751720853.00,70108815185.00,565417213000.00,507358665000.00
357,2014,Kab. Pinrang,387290774434.00,404172.00,1961.67,538.40,2500.07,98.31,70.62,41140770.64,130651477245.38,11112968665.00,4346022479.00,735690344000.00,658901379000.00
358,2015,Kab. Sinjai,304631303956.00,259831.00,798.96,458.64,1257.60,94.36,66.24,37857123.92,95221950003.82,10075095567.00,4349076173.00,609933223000.00,546270378000.00
359,2016,Kab. Kepulauan Selayar                            ,229929073054.00,139044.00,1357.03,9970.96,11327.99,112.16,66.04,41112695.06,77300086267.00,9700430982.00,5388498847.00,621000827000.00,562572101000.00
360,2017,Kab. Sidenreng Rappang,334748361162.00,318294.00,1883.23,0,1883.23,95.11,70.60,33404665.69,115904953769.23,12214654305.00,4642152551.00,639434892000.00,572692758000.00
361,2019,Kab. Soppeng,342930626314.00,236199.00,1557.00,0,1557.00,92.25,67.60,36280584.08,131607491253.80,9953630514.00,4362980186.00,641128878000.00,580806344000.00
362,2020,Kab. Takalar,329260093720.00,292183.00,566.61,926.43,1493.04,92.71,66.07,30026898.88,125186750078.44,12780545377.00,4342679247.00,625171504000.00,565874219000.00
363,2021,Kab. Tana Toraja,289965857880.00,286562.00,1990.22,0,1990.22,105.85,67.66,21793041.10,106108442618.94,9274052897.00,4407101559.00,581247731000.00,526559294000.00
364,2022,Kab. Wajo,402549656816.00,374375.00,2504.06,527.28,3031.34,98.74,68.57,34695037.35,177730310816.13,29088604838.00,23349400970.00,736210424000.00,659367175000.00
365,2023,Kota Pare-pare,244461628360.00,148071.00,99.33,12.27,111.60,94.44,77.19,44466848.20,134343383709.76,12767283620.00,4342679247.00,474806174000.00,429770985000.00
366,2024,Kota Makassar,729294539244.00,1475684.00,199.26,519.39,718.65,97.15,81.73,78291988.34,1185453010989.65,102913565625.00,4366784880.00,1335864834000.00,1221648391000.00
367,2025,Kab. Toraja Utara,244189183424.00,246302.00,1215.55,0,1215.55,97.45,68.49,32709898.50,52714824265.30,9373697742.00,4419408345.00,542277818000.00,491255983000.00
368,2100,Provinsi Sulawesi Tenggara,831678673100.00,2632939.00,38067.70,45805.44,83873.14,101.45,70.61,32930827.13,903949000785.15,49254878141.00,72054127421.00,1633506151000.00,1454628700000.00
369,2101,Kab. Buton,181238719920.00,118262.00,1212.99,1076.19,2289.18,104.05,65.08,17349973.70,27641923015.03,6669604008.00,10300657042.00,441766634000.00,395656470000.00
370,2102,Kab. Konawe,382094280086.00,257714.00,4435.28,576.25,5011.53,100.10,70.72,24725281.80,76707518286.90,9256950538.00,12798172625.00,701917279000.00,621960995000.00
371,2103,Kab. Kolaka,288553466086.00,234006.00,3283.59,1478.32,4761.91,93.89,72.07,41768855.46,101143712550.92,20854226184.00,85045559859.00,600116729000.00,537478497000.00
372,2104,Kab. Muna,365358902714.00,221871.00,1922.16,1081.62,3003.78,103.54,68.47,23740729.95,46813506587.00,7434870033.00,9374186501.00,675388045000.00,611842135000.00
373,2105,Kota Kendari,391868523032.00,340796.00,300.89,37.24,338.13,91.45,82.22,52486757.56,176116069072.85,21785883530.00,9306684313.00,681431916000.00,616798352000.00
374,2106,Kota Bau-bau,251191036542.00,157911.00,221.00,70.60,291.60,105.76,74.67,48201949.21,63429815306.00,9275651305.00,9280142678.00,529586867000.00,479355749000.00
375,2107,Kab. Konawe Selatan,352910514810.00,311615.00,5779.47,1274.45,7053.92,94.97,67.51,27263934.51,61317010309.33,14007061852.00,29723216498.00,701811190000.00,629747344000.00
376,2108,Kab. Bombana,201297285948.00,141972.00,3001.00,2385.35,5386.35,96.55,65.04,27757858.89,65544247714.00,7936349837.00,23195023877.00,504519909000.00,447049409000.00
377,2109,Kab. Wakatobi,188699738006.00,114600.00,559.54,3528.60,4088.14,106.13,68.52,28136248.33,33554440213.00,6928158661.00,9279754219.00,482929881000.00,437491974000.00
378,2110,Kab. Kolaka Utara,202261703426.00,138592.00,3391.67,956.08,4347.75,99.33,68.44,47354572.36,46066836974.76,9218322474.00,10751388118.00,517330917000.00,458401099000.00
379,2111,Kab. Konawe Utara,149991245890.00,68858.00,5101.76,1035.35,6137.11,100.48,68.50,41458323.50,15614196958.00,10751026816.00,37181166995.00,473532099000.00,424908559000.00
380,2112,Kab. Buton Utara,130954681294.00,66291.00,1864.91,1298.01,3162.92,110.32,67.13,38743933.99,15266635341.00,6167712455.00,9274130258.00,431626031000.00,387305518000.00
381,2113,Kab. Konawe Kepulauan,75173601126.00,37283.00,867.58,868.78,1736.36,104.97,64.36,29728125.92,15097104763.00,5720604948.00,9365725211.00,336881033000.00,302289189000.00
382,2114,Kab. Kolaka Timur,134747336222.00,123301.00,3634.74,0,3634.74,92.38,65.53,29433841.16,38827555752.00,6375565791.00,9240778301.00,419733460000.00,376634108000.00
383,2115,Kab. Muna Barat,105779509722.00,83524.00,1022.89,1119.19,2142.08,107.49,64.11,24775131.79,32972030173.00,5754556339.00,9234892601.00,376437922000.00,337146556000.00
384,2116,Kab. Buton Tengah,118348514580.00,118066.00,958.31,1085.65,2043.96,105.60,63.46,16540672.82,31410141972.00,6802212175.00,9246613474.00,378747464000.00,339215036000.00
385,2117,Kab. Buton Selatan,122575152818.00,98277.00,509.92,1134.07,1643.99,110.55,63.47,18360890.50,25863331567.00,6777951811.00,9312182194.00,373399013000.00,334424839000.00
386,2200,Provinsi Bali,734644142632.00,4236983.00,5780.06,9155.93,14935.99,119.10,74.77,51349692.61,3718094051507.21,179005916512.00,0,1325847555000.00,1204700789000.00
387,2201,Kab. Badung,518673570566.00,488325.00,418.62,485.12,903.74,126.12,80.87,116549034.18,4555716407353.26,79158567575.00,701234591.00,355583355000.00,325180978000.00
388,2202,Kab. Bangli,301437481970.00,267351.00,490.71,0,490.71,116.52,68.96,21850387.26,122686254194.50,16440861953.00,701234591.00,583745266000.00,533835046000.00
389,2203,Kab. Buleleng,532712563194.00,821205.00,1364.73,955.40,2320.13,119.88,71.70,37634525.92,335555493392.58,24498664444.00,701234591.00,991461540000.00,897421781000.00
390,2204,Kab. Gianyar,426221587478.00,501158.00,368.00,82.36,450.36,114.65,76.71,46190289.37,770204849840.88,25216664438.00,701234591.00,714403553000.00,646642641000.00
391,2205,Kab. Jembrana,232566373790.00,327438.00,841.80,503.31,1345.11,126.59,71.65,38178281.70,126477266849.13,17945002056.00,701234591.00,573509143000.00,519548815000.00
392,2206,Kab. Karangasem,431150761678.00,515513.00,839.54,630.67,1470.21,118.29,66.49,26956573.36,200362025514.55,19658751772.00,701234591.00,778831240000.00,712241169000.00
393,2207,Kab. Klungkung,279699566584.00,214484.00,315.00,710.64,1025.64,110.16,70.90,33698144.54,186974283820.89,17256463918.00,701234591.00,553496858000.00,500997887000.00
394,2208,Kab. Tabanan,481163561434.00,452586.00,1013.88,196.05,1209.93,122.39,75.45,46536331.46,363370469708.67,21959807412.00,701234591.00,835897238000.00,757249339000.00
395,2209,Kota Denpasar,380770222034.00,648923.00,127.78,101.46,229.24,118.25,83.30,74523587.33,940110334564.11,84848266512.00,701234591.00,671386055000.00,613982547000.00
396,2300,Provinsi Nusa Tenggara Barat,889239966126.00,5287577.00,18572.32,27904.98,46477.30,98.76,67.30,19290681.07,1660417707372.53,72229982291.00,112887961328.00,1623922936000.00,1475540106000.00
397,2301,Kab. Bima,520751275862.00,530065.00,3405.63,3673.83,7079.46,102.05,65.62,19489740.71,120342972756.52,9339650070.00,19377944945.00,918549134000.00,832124683000.00
398,2302,Kab. Dompu,300893913520.00,222729.00,2391.54,1221.11,3612.65,93.37,66.97,29008272.07,57094383515.60,9797480045.00,21606605831.00,595839452000.00,539778110000.00
399,2303,Kab. Lombok Barat,430195078410.00,719321.00,896.56,868.01,1764.57,100.91,67.18,18044007.04,216921279505.90,12451322502.00,25779317917.00,799487061000.00,723656010000.00
400,2304,Kab. Lombok Tengah,576168431280.00,1043759.00,1095.03,352.58,1447.61,98.04,65.36,14704219.98,187324721970.60,17317950171.00,25303743622.00,1027425096000.00,939580250000.00
401,2305,Kab. Lombok Timur,669798435528.00,1297351.00,1230.76,1103.40,2334.16,99.67,65.35,12624781.87,261716109844.72,18436096681.00,25480401197.00,1185815989000.00,1073341783000.00
402,2306,Kab. Sumbawa,437814563390.00,514893.00,6643.98,3979.99,10623.97,96.26,66.77,25307359.39,143943921430.24,20500851596.00,26760312547.00,860415950000.00,779461134000.00
403,2307,Kota Mataram,329313650230.00,429454.00,61.30,50.85,112.15,104.44,78.43,38510749.89,358825822208.30,28078881733.00,25313410373.00,614246829000.00,561728725000.00
404,2308,Kota Bima,237500259844.00,148974.00,222.25,36.16,258.41,98.69,75.04,26337721.05,46115436512.62,12114935072.00,18806308370.00,469135925000.00,424638557000.00
405,2309,Kab. Sumbawa Barat,195665642250.00,140502.00,1849.02,1028.96,2877.98,100.66,70.71,27458954.85,66810357193.03,59588167943.00,227085613768.00,409358011000.00,370842334000.00
406,2310,Kab. Lombok Utara,165364789950.00,240529.00,776.25,648.67,1424.92,94.04,63.83,17794626.98,131074968618.97,9540227689.00,25319886838.00,415086247000.00,376031612000.00
407,2400,Provinsi Nusa Tenggara Timur,911564372892.00,5426418.00,48718.10,80650.55,129368.65,99.03,64.39,17856851.40,1095269978577.22,59067321926.00,1871923397.00,1907826977000.00,1716206146000.00
408,2401,Kab. Alor,294770342690.00,216572.00,2864.60,3546.05,6410.65,107.91,60.14,12902447.37,62931359773.48,7609272632.00,791742188.00,630371171000.00,564575079000.00
409,2402,Kab. Belu,251509616700.00,224884.00,1284.97,165.41,1450.38,88.54,61.86,18148941.30,88592824574.83,7674247432.00,1476753654.00,517028961000.00,468382740000.00
410,2403,Kab. Ende,347686724116.00,275317.00,2046.50,1376.78,3423.28,95.66,66.62,20342858.47,61247210694.31,8980002657.00,1132256114.00,652695209000.00,584569007000.00
411,2404,Kab. Flores Timur,309364395950.00,283649.00,1813.20,2302.45,4115.65,101.87,63.55,17141402.79,55640492628.40,8280628007.00,786223596.00,635238627000.00,568934486000.00
412,2405,Kab. Kupang,328607051656.00,380150.00,5434.76,2704.99,8139.75,88.82,63.55,17192003.72,66182995394.25,8011432328.00,1365204266.00,707453904000.00,626866936000.00
413,2406,Kab. Lembata,228886131140.00,138667.00,1266.00,2042.64,3308.64,100.05,63.96,12544835.20,42882808397.73,6778993131.00,847184359.00,492424243000.00,441026603000.00
414,2407,Kab. Manggarai,295240686450.00,322557.00,2096.44,578.93,2675.37,114.37,63.32,13148349.62,89904635200.78,8056284586.00,1532048248.00,605289844000.00,548339333000.00
415,2408,Kab. Ngada,217360027166.00,168382.00,1645.88,606.28,2252.16,92.85,67.10,18732974.42,41355093830.50,6884324547.00,780836585.00,484366207000.00,438793159000.00
416,2409,Kab. Sikka,334620992368.00,320818.00,1731.90,2435.14,4167.04,96.28,63.89,14468780.27,100868194503.01,9462746943.00,776819908.00,649458638000.00,581670258000.00
417,2410,Kab. Sumba Barat,150741910382.00,148732.00,2183.18,409.33,2592.51,103.00,62.91,14329577.68,85182226434.41,6719298148.00,1099715008.00,416015382000.00,373297812000.00
418,2411,Kab. Sumba Timur,290444954534.00,241671.00,7000.50,2915.69,9916.19,97.77,64.65,23827586.41,75375667964.35,10236552411.00,1362605567.00,665083333000.00,596790801000.00
419,2412,Kab. Timor Tengah Selatan,403945380186.00,468043.00,3947.00,642.50,4589.50,96.06,61.58,15504112.71,71487909124.46,8660586109.00,1323446242.00,774004904000.00,693216790000.00
420,2413,Kab. Timor Tengah Utara,324250799994.00,265703.00,2669.70,307.67,2977.37,88.58,62.65,14220194.85,51895359575.30,7519333764.00,1682081635.00,606584068000.00,549511786000.00
421,2414,Kota Kupang,337989759524.00,440574.00,26.18,79.71,105.89,101.48,78.84,51652837.06,171490709096.75,25320729080.00,764051008.00,666987008000.00,603723538000.00
422,2415,Kab. Rote Ndao,182737446118.00,147326.00,1280.00,2320.18,3600.18,99.49,61.51,19616208.02,27833384031.14,6673049901.00,764089408.00,469098315000.00,420135359000.00
423,2416,Kab. Manggarai Barat,232099881944.00,261524.00,2397.03,3300.55,5697.58,99.60,62.58,12098056.08,103347460591.64,7756987381.00,840594624.00,542674528000.00,491615367000.00
424,2417,Kab. Nagekeo,197811107224.00,163837.00,1416.96,630.59,2047.55,98.92,65.35,12656502.38,30850179938.54,6445799997.00,771495651.00,454295732000.00,406877821000.00
425,2418,Kab. Sumba Barat Daya                             ,200182870908.00,312014.00,1480.46,734.46,2214.92,105.98,61.89,11042070.73,41228837437.00,7042855700.00,1324579508.00,499178547000.00,447075914000.00
426,2419,Kab. Sumba Tengah                                 ,119431923326.00,87827.00,1868.74,553.13,2421.87,101.53,60.07,12072926.96,28757832559.50,6028027185.00,1239786409.00,375026250000.00,332306536000.00
427,2420,Kab. Manggarai Timur,236174427242.00,268798.00,2642.93,707.45,3350.38,102.58,59.49,10819372.81,44007083306.37,6796429035.00,884003406.00,538268506000.00,482085791000.00
428,2421,Kab. Sabu Raijua,102959479510.00,95477.00,460.54,1370.95,1831.49,116.72,55.79,13637852.47,31139294535.86,5478375038.00,877664772.00,373263044000.00,338143471000.00
429,2422,Kab. Malaka,201325302390.00,193896.00,1160.63,380.74,1541.37,86.91,59.66,13080864.70,41059361102.48,6115560508.00,764049094.00,459588653000.00,416346876000.00
430,2500,Provinsi Maluku,628583323864.00,1854229.00,46914.03,148943.12,195857.15,123.02,68.87,21573875.57,465779724331.74,40626368858.00,6233993489.00,1711931676000.00,1524466221000.00
431,2501,Kab. Kepulauan Tanimbar,200112585944.00,126716.00,4465.79,7548.37,12014.16,123.22,62.39,19278975.86,40443615590.30,9525590878.00,2012771594.00,595300422000.00,527488999000.00
432,2502,Kab. Maluku Tengah,515573556046.00,425813.00,7953.81,7058.81,15012.62,112.80,70.60,16775302.12,59820016826.22,15030193843.00,4526220158.00,1001314626000.00,887253612000.00
433,2503,Kab. Maluku Tenggara,196360073220.00,127345.00,1031.81,3184.63,4216.44,125.02,65.53,23247510.71,55136774869.68,8183926639.00,1567619930.00,512925976000.00,459388431000.00
434,2504,Kab. Buru                                         ,219821920274.00,135418.00,4932.32,1460.56,6392.88,140.35,68.25,14070840.75,46257089676.29,8680022232.00,2046326294.00,542980959000.00,481129312000.00
435,2505,Kota Ambon,331658449500.00,349248.00,298.61,411.51,710.12,113.64,80.24,38246512.30,154973387894.22,23349590150.00,1564039823.00,690508508000.00,625014033000.00
436,2506,Kab. Seram Bagian Barat,280511632976.00,210607.00,5033.38,3978.16,9011.54,115.95,65.14,12438412.93,23233152017.24,8195252573.00,2901981445.00,637769477000.00,565120350000.00
437,2507,Kab. Seram Bagian Timur,179629685620.00,135485.00,6429.88,5636.44,12066.32,116.03,62.98,14841779.57,24483710263.27,28574945008.00,1502753823.00,561500823000.00,503844420000.00
438,2508,Kab. Kepulauan Aru,165204619760.00,105203.00,8152.42,8201.12,16353.54,128.52,63.12,30018696.19,59274150040.00,9539943688.00,1291331594.00,621594645000.00,557767648000.00
439,2509,Kota Tual,112358296790.00,88456.00,254.39,2648.72,2903.11,127.33,67.21,25465115.60,19109294060.35,6044287481.00,1567619933.00,411051891000.00,368147632000.00
440,2510,Kab. Maluku Barat Daya,171576213920.00,73599.00,4581.06,10563.08,15144.14,121.85,60.64,20456319.88,49399756084.13,7616199264.00,5252393027.00,595077412000.00,533973275000.00
441,2511,Kab. Buru Selatan,126325433116.00,76339.00,3780.56,2194.49,5975.05,131.36,63.62,16508777.34,15506213190.79,7186648390.00,6427818448.00,450115549000.00,403896483000.00
442,2600,Provinsi Papua,730656810618.00,4346593.00,319036.05,86796.93,405832.98,218.59,60.06,29844309.60,1050372166511.65,253674351616.00,628553141542.00,2616545381000.00,2330020003000.00
443,2601,Kab. Biak Numfor,239933674050.00,145125.00,2602.00,3900.79,6502.79,132.35,71.96,34556526.00,16303404602.03,11431063484.00,43749075194.00,606141673000.00,537095310000.00
444,2602,Kab. Jayapura,229608213578.00,170167.00,11157.15,697.56,11854.71,123.98,71.25,81503780.32,88771869296.37,15269567256.00,45560552718.00,717649229000.00,635900899000.00
445,2603,Kab. Jayawijaya,181842732362.00,272338.00,7030.66,0,7030.66,304.65,56.82,27211768.67,91842133976.00,12163748190.00,44715531314.00,758181195000.00,671815818000.00
446,2604,Kab. Merauke,294225273348.00,226500.00,44071.00,5840.30,49911.30,153.05,69.38,61511894.99,140118335446.17,36988971766.00,54607528697.00,1262529524000.00,1132889623000.00
447,2605,Kab. Mimika,246357452296.00,310290.00,21633.00,2781.65,24414.65,133.19,73.15,39342478.07,342125805715.93,304025685168.00,1230408200693.00,626831031000.00,555427917000.00
448,2606,Kab. Nabire,250801011442.00,171486.00,11112.61,3704.77,14817.38,148.12,67.70,48416919.79,43876510921.96,13036621406.00,52900866805.00,744745114000.00,668272698000.00
449,2607,Kab. Paniai,119347603458.00,120857.00,6525.25,0,6525.25,241.21,55.83,20850584.42,23901656456.60,10174374948.00,48300796583.00,604188424000.00,535364558000.00
450,2608,Kab. Puncak Jaya,102209240840.00,218342.00,4989.51,0,4989.51,459.89,47.39,5892378.86,15420765897.00,9760840294.00,54570426062.00,792235312000.00,701990787000.00
451,2609,Kab. Kepulauan Yapen                              ,205035620534.00,112799.00,2050.00,4664.16,6714.16,149.24,67.00,33613182.69,38727225048.84,11251664334.00,44495749423.00,574767466000.00,509294978000.00
452,2610,Kota Jayapura,247624524822.00,422046.00,935.92,409.24,1345.16,121.49,79.58,70141924.27,243863618164.31,32843963442.00,44533308965.00,650883809000.00,582946675000.00
453,2611,Kab. Sarmi,94661621848.00,40971.00,17742.00,2626.73,20368.73,145.09,63.00,61213691.81,13705929334.49,15122362786.00,48502940021.00,726004701000.00,643304589000.00
454,2612,Kab. Keerom,156181782568.00,63538.00,8390.00,0,8390.00,141.98,65.75,40388434.58,19490489557.58,13815202332.00,50790203228.00,558804552000.00,501425009000.00
455,2613,Kab. Yahukimo,131113400526.00,354109.00,17152.00,0,17152.00,205.60,48.51,6243153.43,18256008796.82,11338488081.00,48175770840.00,766033512000.00,687375147000.00
456,2614,Kab. Pegunungan Bintang,117416676986.00,111255.00,15682.00,0,15682.00,364.25,44.22,15893181.41,11854059850.75,11392195135.00,47326827097.00,868735354000.00,779531289000.00
457,2615,Kab. Tolikara,125318980790.00,250160.00,5588.13,0,5588.13,360.48,48.85,5851772.42,17692766330.24,9762873503.00,45486299580.00,750656457000.00,665148232000.00
458,2616,Kab. Boven Digoel,113046688748.00,63153.00,27108.00,0,27108.00,162.63,60.83,54484850.30,33670230176.40,15960761992.00,48065951060.00,848397640000.00,761281906000.00
459,2617,Kab. Mappi,143814305846.00,106891.00,24118.00,786.69,24904.69,152.24,57.72,25187601.69,35807359397.61,12412804939.00,44728850654.00,797003779000.00,706216072000.00
460,2618,Kab. Asmat,127397003928.00,106958.00,31983.69,1628.02,33611.71,202.28,49.37,21055566.02,30494955594.34,12226695419.00,44911962209.00,921461115000.00,826843029000.00
461,2619,Kab. Waropen,104709560982.00,35759.00,10977.09,1216.63,12193.72,171.32,64.80,53846805.35,3539430038.00,16435846994.00,46308675663.00,593527115000.00,532582167000.00
462,2620,Kab. Supiori,116175694822.00,23860.00,678.32,2107.42,2785.74,138.44,61.84,40550186.09,11768708653.00,8330370994.00,44563780248.00,464146469000.00,416486671000.00
463,2621,Kab. Mamberamo Raya,75404887910.00,37808.00,23813.91,1688.50,25502.41,193.19,51.24,39328108.60,7755237583.58,15165176227.00,51563984094.00,751290109000.00,674145636000.00
464,2622,Kab. Mamberamo Tengah,86302864392.00,47843.00,1275.00,0,1275.00,422.66,46.41,22531914.64,7279453267.00,7497548750.00,44549948080.00,682887170000.00,605098630000.00
465,2623,Kab. Yalimo,79536645960.00,105628.00,1253.00,0,1253.00,362.18,47.13,9233077.02,22446958051.37,7543949828.00,44549948080.00,633292256000.00,573707054000.00
466,2624,Kab. Lanny Jaya,117986119538.00,201308.00,2248.00,0,2248.00,333.55,47.34,8258413.29,20784777258.00,8039740733.00,44549948080.00,658837147000.00,590069869000.00
467,2625,Kab. Nduga,62694287810.00,109565.00,2168.00,0,2168.00,307.41,29.42,10254821.49,14320672051.93,8304805488.00,44549948080.00,645650357000.00,572103510000.00
468,2626,Kab. Dogiyai,100375323964.00,114585.00,4237.40,0,4237.40,224.53,54.44,10333013.76,10149077709.49,8865165457.00,44549948080.00,520291122000.00,461024103000.00
469,2627,Kab. Puncak ,86987253318.00,175588.00,8055.00,0,8055.00,493.31,41.81,7366518.05,5340787011.00,9965820791.00,44549948080.00,844477821000.00,748282286000.00
470,2628,Kab. Intan Jaya,72419514538.00,137031.00,3922.02,0,3922.02,439.11,46.55,8589086.42,9044286150.65,12691983068.00,47009985008.00,723793442000.00,641345217000.00
471,2629,Kab. Deiyai,117511543644.00,90633.00,537.39,0,537.39,238.89,49.55,13948288.46,1266090259.00,8395486290.00,44549948080.00,509299680000.00,456140636000.00
472,2700,Provinsi Maluku Utara,451201617262.00,1314849.00,31982.50,88743.05,120725.55,119.11,67.76,22949971.61,358325359306.73,33402200226.00,63632828314.00,1371161789000.00,1221012415000.00
473,2701,Kab. Halmahera Tengah,141600542926.00,54715.00,2653.76,3709.43,6363.19,125.66,64.66,29291216.04,15313942993.62,9206084182.00,41024345425.00,469727114000.00,416219905000.00
474,2702,Kota Ternate,283469506610.00,219051.00,111.39,1256.54,1367.93,119.83,79.13,43393009.05,96425003776.58,16884154782.00,12580528509.00,625917660000.00,572401700000.00
475,2703,Kab. Halmahera Barat,228038703958.00,135025.00,1704.20,1479.95,3184.15,117.89,64.54,14667222.92,21955951449.14,8031660380.00,13129254493.00,511819333000.00,463663276000.00
476,2704,Kab. Halmahera Timur,151403885558.00,95368.00,6571.37,3551.51,10122.88,117.62,66.20,22045983.95,66676603419.92,8801845097.00,36205099141.00,499357219000.00,448081887000.00
477,2705,Kab. Halmahera Selatan,228335973874.00,251299.00,8148.90,14146.46,22295.36,108.10,63.39,16696086.16,31501588899.40,11397194081.00,42695817981.00,774539635000.00,695007838000.00
478,2706,Kab. Halmahera Utara,205723535982.00,199364.00,3896.90,2608.52,6505.42,110.67,67.30,17561345.27,128410489169.45,18541442398.00,49692967892.00,504356752000.00,452568055000.00
479,2707,Kab. Kepulauan Sula,172697820356.00,112610.00,3304.32,3350.20,6654.52,131.27,62.96,19216980.17,24226118720.10,8859144651.00,29452340923.00,507321048000.00,455227969000.00
480,2708,Kota Tidore Kepulauan,235386737588.00,114393.00,1645.73,1198.81,2844.54,114.68,69.89,22872871.52,57904788671.00,8845603352.00,13309661287.00,556165633000.00,499057062000.00
481,2709,Kab. Pulau Morotai,109454770120.00,74005.00,2476.00,2226.95,4702.95,116.67,61.39,18857175.04,31710476287.72,7184075017.00,12920942521.00,411158355000.00,364322788000.00
482,2710,Kab. Pulau Taliabu,63362139232.00,59019.00,1469.93,2721.48,4191.41,130.99,59.67,21298206.90,8848025317.72,7274170735.00,17335276062.00,368908852000.00,331028307000.00
483,2800,Provinsi Banten,643674160374.00,10868810.00,9662.92,11120.36,20783.28,95.84,71.95,39507983.60,6329138234645.88,647226228299.00,3378868313.00,1147851489000.00,1042968771000.00
484,2801,Kab. Lebak,619378687160.00,1290325.00,3426.56,542.93,3969.49,88.90,63.37,18169859.13,349363426873.84,62448874317.00,2186779805.00,1130474262000.00,1012479036000.00
485,2802,Kab. Pandeglang,686940204714.00,1205137.00,2746.89,2821.74,5568.63,93.50,64.34,19087834.42,196996806997.25,57338339557.00,6980328786.00,1216760582000.00,1102278012000.00
486,2803,Kab. Serang,632106373236.00,1479034.00,1734.28,1139.59,2873.87,94.34,65.93,25509829.40,697085199649.00,78571340558.00,1979276011.00,1126852207000.00,1030506343000.00
487,2804,Kab. Tangerang,699839376176.00,2785405.00,1011.86,169.78,1181.64,100.71,71.59,31084172.65,2872568512687.00,199354194945.00,1600419761.00,1212608135000.00,1097592704000.00
488,2805,Kota Cilegon,314596184542.00,421448.00,175.50,260.81,436.31,90.30,72.65,106157342.23,578335620416.00,118352788466.00,1593297207.00,636204555000.00,581809066000.00
489,2806,Kota Tangerang,519156781782.00,1763432.00,153.93,0,153.93,105.72,77.92,67645618.92,1864385584947.00,260382410953.00,1593297207.00,891127663000.00,806604535000.00
490,2807,Kota Serang,284070540766.00,649057.00,266.71,27.79,294.50,88.45,71.68,43394183.05,164218548654.00,70738966362.00,1593297207.00,650191313000.00,588520909000.00
491,2808,Kota Tangerang Selatan,306833192152.00,1274972.00,147.19,0,147.19,106.73,81.17,54391445.95,1621710653274.00,174513807482.00,1593297207.00,589587626000.00,539177884000.00
492,2900,Provinsi Bangka Belitung,330320292950.00,1394483.00,16424.06,37162.08,53586.14,101.27,70.67,36755263.18,850441774831.35,53519592074.00,161883475929.00,1047520712000.00,942308451000.00
493,2901,Kab. Bangka,260203967114.00,318020.00,2950.68,1278.52,4229.20,99.30,71.80,28030181.03,173056934828.79,25264920209.00,86712629435.00,548426206000.00,491183263000.00
494,2902,Kab. Belitung,207231811690.00,172907.00,2293.61,3496.83,5790.44,104.06,71.70,45321973.29,191938969495.04,24496592350.00,47742600882.00,511815651000.00,458393998000.00
495,2903,Kota Pangkal Pinang ,200818717176.00,214668.00,89.40,44.19,133.59,97.09,77.43,51476212.96,167131991665.98,22358726468.00,42367869981.00,460907392000.00,417190497000.00
496,2904,Kab. Bangka Selatan,163342163042.00,180311.00,3607.08,2597.22,6204.30,100.88,65.98,35408387.50,49427844307.14,17217671853.00,70381556654.00,490276698000.00,439933778000.00
497,2905,Kab. Bangka Tengah,169989994720.00,185723.00,2155.77,2233.75,4389.52,100.16,69.52,34455540.70,75995335730.86,18586505648.00,52748008658.00,465856160000.00,422024686000.00
498,2906,Kab. Bangka Barat,172444413600.00,198086.00,2820.61,1783.79,4604.40,103.20,68.68,33141770.91,69765373034.63,28941619932.00,55860361836.00,472995313000.00,424426892000.00
499,2907,Kab. Belitung Timur,167958652516.00,124768.00,2506.91,4187.46,6694.37,104.42,70.22,38263529.40,109456286246.75,20757361803.00,61458371265.00,469769091000.00,421531947000.00
500,3000,Provinsi Gorontalo,350820545918.00,1181531.00,11257.07,9375.34,20632.41,97.45,67.71,30461944.37,384435306402.61,19881801282.00,681312079.00,1049701771000.00,944270446000.00
501,3001,Kab. Boalemo,190023925894.00,146934.00,1521.88,609.86,2131.74,102.37,64.99,33274465.12,56019131871.56,7820521943.00,758559471.00,477215648000.00,427405431000.00
502,3002,Kab. Gorontalo,341061839894.00,397999.00,1750.83,328.19,2079.02,93.81,65.78,28068699.03,147992401409.49,9607643593.00,1012502336.00,671045970000.00,607908597000.00
503,3003,Kota Gorontalo,271370688484.00,200183.00,79.59,26.89,106.48,91.85,76.53,36999798.34,216716456785.40,14235584241.00,755540670.00,521564348000.00,472094163000.00
504,3004,Kab. Pohuwato,211503970336.00,146463.00,4244.31,1186.32,5430.63,99.94,64.44,40056128.97,52151698921.04,9212021992.00,1715590579.00,542042492000.00,486384122000.00
505,3005,Kab. Bone Bolango,237549821028.00,164349.00,1984.31,397.28,2381.59,97.97,69.06,23926908.94,65095212711.13,8068725022.00,1600954473.00,503998315000.00,456578122000.00
506,3014,Kab. Gorontalo Utara,148693283104.00,125603.00,1676.15,1227.34,2903.49,99.14,64.06,23262655.65,27302685285.80,8425940560.00,1030277275.00,424796296000.00,380457441000.00
507,3100,Provinsi Kepulauan Riau                           ,308087651760.00,1961388.00,8201.72,96612.89,104814.61,128.34,74.84,63765726.35,1220768246945.10,155976997739.00,379361999210.00,1202068240000.00,1099291405000.00
508,3101,Kab. Natuna,165250130246.00,81786.00,2009.04,8279.40,10288.44,130.28,72.10,69770800.13,47952668664.58,74842416265.00,269738664979.00,439012530000.00,393933552000.00
509,3102,Kab. Kepulauan Anambas,106745084696.00,46271.00,590.14,6343.09,6933.23,147.92,67.53,60728626.01,35178837743.93,50508491223.00,198656287409.00,413677230000.00,374755167000.00
510,3103,Kab. Karimun,231001896728.00,249375.00,912.75,3307.41,4220.16,122.91,70.56,38677491.24,349015269518.49,42148249401.00,125681551020.00,452732917000.00,410136182000.00
511,3104,Kota Batam,346032423262.00,1107551.00,960.25,2965.15,3925.40,124.08,80.54,63945298.29,1084640559852.99,104694249054.00,115662780795.00,663128298000.00,606430829000.00
512,3105,Kota Tanjung Pinang,197418684858.00,219395.00,144.56,203.34,347.90,125.75,78.33,82477834.81,160470588593.64,26220652195.00,115711183351.00,497632590000.00,450432324000.00
513,3106,Kab. Lingga,159404413286.00,100905.00,2266.77,8092.26,10359.03,126.96,64.06,37155833.31,30072594172.00,17572916160.00,116354311233.00,507472658000.00,455364011000.00
514,3107,Kab. Bintan,201184152356.00,156105.00,1318.21,6310.12,7628.33,122.19,73.41,69117670.39,286602276549.94,23918046951.00,116197572997.00,530545538000.00,480627569000.00
515,3200,Provinsi Papua Barat,291103515248.00,1148154.00,102955.15,102674.64,205629.79,132.67,63.74,38862648.44,459243073550.30,140766513456.00,268917529241.00,1459717137000.00,1299870490000.00
516,3201,Kab. Fak Fak,219781254720.00,87894.00,14320.00,4302.49,18622.49,129.89,66.99,54143796.80,39808022201.00,12564317006.00,46275762181.00,720284837000.00,646324068000.00
517,3202,Kab. Manokwari,214502849098.00,190568.00,3186.28,1085.71,4271.99,120.13,71.17,46439336.70,90863070042.97,20153143793.00,47411397330.00,553205980000.00,496401314000.00
518,3203,Kab. Sorong,238071612238.00,122919.00,6544.23,2907.35,9451.58,127.39,64.32,33704378.22,64330710015.00,154914034506.00,66318930623.00,555404029000.00,492137255000.00
519,3204,Kota Sorong,203487129638.00,280739.00,656.64,332.53,989.17,113.03,77.35,51215186.26,114479184026.07,18407664644.00,44709635142.00,505290532000.00,452549950000.00
520,3205,Kab. Raja Ampat,150967097662.00,65730.00,8034.44,20481.04,28515.48,131.12,62.84,30398815.14,21102503388.53,14092467236.00,48979840935.00,718180611000.00,644435909000.00
521,3206,Kab. Sorong Selatan,147134273470.00,60768.00,6594.31,1191.65,7785.96,129.04,61.01,28338598.45,29384180475.29,12707952679.00,49929400777.00,488120823000.00,437999274000.00
522,3207,Kab. Teluk Bintuni,140924075110.00,79948.00,20840.83,2736.74,23577.57,156.26,63.13,32816747.95,40053292404.33,230303035891.00,499332019784.00,560695109000.00,503121439000.00
523,3208,Kab. Teluk Wondama,125076024904.00,44208.00,3959.53,3887.44,7846.97,122.57,58.86,32498153.02,12183560218.23,10861352054.00,50118460388.00,473268568000.00,424672088000.00
524,3209,Kab. Kaimana,116977270176.00,64232.00,16241.84,5259.70,21501.54,121.24,63.67,38296715.82,40589189654.71,11483499581.00,51780686948.00,638025640000.00,572511465000.00
525,3210,Kab. Maybrat,100838742418.00,44036.00,5461.69,0,5461.69,122.63,58.16,15453418.51,6465872422.75,8735079126.00,44406280082.00,453791721000.00,402099733000.00
526,3211,Kab. Tambrauw,75571433956.00,31681.00,11529.18,1854.07,13383.25,129.16,51.95,6691526.23,5018537970.75,9117164799.00,44182189081.00,529846085000.00,469490648000.00
527,3212,Kab. Manokwari Selatan,43347599558.00,36660.00,2812.44,602.79,3415.23,146.32,58.84,20839930.93,6708430387.00,8998457718.00,44621427663.00,358705691000.00,321872833000.00
528,3213,Kab. Pegunungan Arfak,46067233368.00,38771.00,2773.74,0,2773.74,192.80,55.31,4960546.88,7181980148.11,19061964489.00,44368993196.00,388052957000.00,348206644000.00
529,3300,Provinsi Sulawesi Barat,337368461902.00,1563896.00,16787.18,19848.26,36635.44,92.27,65.10,24669442.19,301499588174.52,18378410941.00,574710228.00,1077006754000.00,968832936000.00
530,3301,Kab. Majene,281456483150.00,173260.00,947.84,807.88,1755.72,87.19,66.01,24899245.81,89315943000.47,8121890371.00,708079021.00,535171077000.00,484817901000.00
531,3302,Kab. Mamuju,282868161040.00,304042.00,4999.69,3296.66,8296.35,93.83,67.11,34241887.08,75433707053.44,13811229239.00,843828993.00,661545150000.00,593615929000.00
532,3303,Kab. Polewali Mandar,395269271822.00,522738.00,1775.65,432.39,2208.04,87.50,63.14,21996235.61,145969628793.81,9647557695.00,750302391.00,740172682000.00,662915866000.00
533,3304,Kab. Mamasa,262301339796.00,207743.00,3005.88,0,3005.88,100.76,64.66,12506014.94,30668177786.74,7484852802.00,2338932757.00,541417344000.00,479743811000.00
534,3305,Kab. Pasangkayu,201372856026.00,213370.00,3043.75,999.90,4043.65,90.33,66.60,33418536.19,32207499621.69,15629647749.00,946357391.00,510303986000.00,457904611000.00
535,3306,Kab. Mamuju Tengah,107209481502.00,142743.00,3014.37,507.41,3521.78,94.71,64.43,18603471.33,43816586733.36,8755090846.00,738927586.00,374373314000.00,335931663000.00
536,3400,Provinsi Kalimantan Utara,215805730498.00,654994.00,75467.70,7298.04,82765.74,112.11,70.56,84361436.46,574088357593.08,77752121867.00,142315023241.00,1205960153000.00,1082389409000.00
537,3401,Kab. Bulungan,219258953528.00,139835.00,13925.72,1951.13,15876.85,108.20,71.23,70931148.70,116604212249.61,71609084744.00,117342320158.00,582284406000.00,522493889000.00
538,3402,Kab. Malinau,196230218172.00,80254.00,42620.70,0,42620.70,108.42,71.74,56581349.69,54953180401.89,29574493073.00,139126380435.00,874109169000.00,784353307000.00
539,3403,Kab. Nunukan,227193769278.00,181093.00,13841.90,1035.92,14877.82,115.39,65.67,56801711.76,81080054422.30,55951008328.00,141469575100.00,551633440000.00,494990246000.00
540,3404,Kota Tarakan,189316376246.00,229880.00,250.80,378.38,629.18,114.48,75.69,116086948.96,72401576596.80,105054469872.00,77624523590.00,462863086000.00,418960694000.00
541,3405,Kab. Tana Tidung,89798222366.00,23932.00,4828.58,599.52,5428.10,114.29,67.05,143777172.63,18727015628.58,18452250509.00,94618094982.00,459568977000.00,412379208000.00
